date,day,period,nswprice,nswdemand,vicprice,vicdemand,transfer,class
0.0,2,0.0,0.056443,0.439155,0.003467,0.422915,0.414912,UP
0.0,2,0.021277,0.051699,0.415055,0.003467,0.422915,0.414912,UP
0.0,2,0.042553,0.051489,0.385004,0.003467,0.422915,0.414912,UP
0.0,2,0.06383,0.045485,0.314639,0.003467,0.422915,0.414912,UP
0.0,2,0.085106,0.042482,0.251116,0.003467,0.422915,0.414912,DOWN
0.0,2,0.106383,0.041161,0.207528,0.003467,0.422915,0.414912,DOWN
0.0,2,0.12766,0.041161,0.171824,0.003467,0.422915,0.414912,DOWN
0.0,2,0.148936,0.041161,0.152782,0.003467,0.422915,0.414912,DOWN
0.0,2,0.170213,0.041161,0.13493,0.003467,0.422915,0.414912,DOWN
0.0,2,0.191489,0.041161,0.140583,0.003467,0.422915,0.414912,DOWN
0.0,2,0.212766,0.044374,0.168997,0.003467,0.422915,0.414912,UP
0.0,2,0.234043,0.049868,0.212437,0.003467,0.422915,0.414912,UP
0.0,2,0.255319,0.051489,0.298721,0.003467,0.422915,0.414912,UP
0.0,2,0.276596,0.042482,0.39036,0.003467,0.422915,0.414912,DOWN
0.0,2,0.297872,0.040861,0.402261,0.003467,0.422915,0.414912,DOWN
0.0,2,0.319149,0.040711,0.462214,0.003467,0.422915,0.414912,DOWN
0.0,2,0.340426,0.040861,0.488248,0.003467,0.422915,0.414912,DOWN
0.0,2,0.361702,0.040711,0.493306,0.003467,0.422915,0.414912,DOWN
0.0,2,0.382979,0.041041,0.53258,0.003467,0.422915,0.414912,DOWN
0.0,2,0.404255,0.041161,0.546415,0.003467,0.422915,0.414912,DOWN
0.0,2,0.425532,0.044374,0.53496,0.003467,0.422915,0.414912,UP
0.0,2,0.446809,0.044374,0.51681,0.003467,0.422915,0.414912,UP
0.0,2,0.468085,0.044374,0.513984,0.003467,0.422915,0.414912,UP
0.0,2,0.489362,0.045485,0.513835,0.003467,0.422915,0.414912,UP
0.0,2,0.510638,0.044374,0.505356,0.003467,0.422915,0.414912,UP
0.0,2,0.531915,0.044374,0.497917,0.003467,0.422915,0.414912,UP
0.0,2,0.553191,0.042482,0.499554,0.003467,0.422915,0.414912,DOWN
0.0,2,0.574468,0.044374,0.491669,0.003467,0.422915,0.414912,UP
0.0,2,0.595745,0.044374,0.489735,0.003467,0.422915,0.414912,UP
0.0,2,0.617021,0.042482,0.47709,0.003467,0.422915,0.414912,DOWN
0.0,2,0.638298,0.040861,0.466825,0.003467,0.422915,0.414912,DOWN
0.0,2,0.659574,0.041161,0.478132,0.003467,0.422915,0.414912,DOWN
0.0,2,0.680851,0.041161,0.484975,0.003467,0.422915,0.414912,DOWN
0.0,2,0.702128,0.041161,0.503124,0.003467,0.422915,0.414912,DOWN
0.0,2,0.723404,0.042482,0.55296,0.003467,0.422915,0.414912,DOWN
0.0,2,0.744681,0.044374,0.612318,0.003467,0.422915,0.414912,UP
0.0,2,0.765957,0.041041,0.587623,0.003467,0.422915,0.414912,DOWN
0.0,2,0.787234,0.040711,0.546861,0.003467,0.422915,0.414912,DOWN
0.0,2,0.808511,0.040711,0.497025,0.003467,0.422915,0.414912,DOWN
0.0,2,0.829787,0.040861,0.470693,0.003467,0.422915,0.414912,DOWN
0.0,2,0.851064,0.041041,0.446296,0.003467,0.422915,0.414912,DOWN
0.0,2,0.87234,0.042482,0.412229,0.003467,0.422915,0.414912,DOWN
0.0,2,0.893617,0.041161,0.368789,0.003467,0.422915,0.414912,DOWN
0.0,2,0.914894,0.051489,0.34573,0.003467,0.422915,0.414912,UP
0.0,2,0.93617,0.056443,0.40479,0.003467,0.422915,0.414912,UP
0.0,2,0.957447,0.054642,0.42889,0.003467,0.422915,0.414912,UP
0.0,2,0.978723,0.059235,0.445254,0.003467,0.422915,0.414912,UP
0.0,2,1.0,0.054642,0.44094,0.003467,0.422915,0.414912,UP
4.4e-05,3,0.0,0.059235,0.442874,0.003467,0.422915,0.414912,UP
4.4e-05,3,0.021277,0.056443,0.41089,0.003467,0.422915,0.414912,UP
4.4e-05,3,0.042553,0.051489,0.378905,0.003467,0.422915,0.414912,UP
4.4e-05,3,0.06383,0.044374,0.316721,0.003467,0.422915,0.414912,DOWN
4.4e-05,3,0.085106,0.041041,0.257959,0.003467,0.422915,0.414912,DOWN
4.4e-05,3,0.106383,0.041161,0.214073,0.003467,0.422915,0.414912,DOWN
4.4e-05,3,0.12766,0.041161,0.178816,0.003467,0.422915,0.414912,DOWN
4.4e-05,3,0.148936,0.040951,0.151889,0.003467,0.422915,0.414912,DOWN
4.4e-05,3,0.170213,0.041011,0.1385,0.003467,0.422915,0.414912,DOWN
4.4e-05,3,0.191489,0.041041,0.142071,0.003467,0.422915,0.414912,DOWN
4.4e-05,3,0.212766,0.042482,0.171675,0.003467,0.422915,0.414912,DOWN
4.4e-05,3,0.234043,0.051489,0.214519,0.003467,0.422915,0.414912,UP
4.4e-05,3,0.255319,0.051489,0.30244,0.003467,0.422915,0.414912,UP
4.4e-05,3,0.276596,0.051489,0.393038,0.003467,0.422915,0.414912,UP
4.4e-05,3,0.297872,0.040861,0.395567,0.003467,0.422915,0.414912,DOWN
4.4e-05,3,0.319149,0.040861,0.456561,0.003467,0.422915,0.414912,DOWN
4.4e-05,3,0.340426,0.040861,0.487504,0.003467,0.422915,0.414912,DOWN
4.4e-05,3,0.361702,0.040861,0.488991,0.003467,0.422915,0.414912,DOWN
4.4e-05,3,0.382979,0.041041,0.52886,0.003467,0.422915,0.414912,DOWN
4.4e-05,3,0.404255,0.041041,0.533323,0.003467,0.422915,0.414912,DOWN
4.4e-05,3,0.425532,0.041041,0.519935,0.003467,0.422915,0.414912,DOWN
4.4e-05,3,0.446809,0.042362,0.502529,0.003467,0.422915,0.414912,DOWN
4.4e-05,3,0.468085,0.042482,0.491818,0.003467,0.422915,0.414912,DOWN
4.4e-05,3,0.489362,0.044374,0.486909,0.003467,0.422915,0.414912,DOWN
4.4e-05,3,0.510638,0.044374,0.480363,0.003467,0.422915,0.414912,DOWN
4.4e-05,3,0.531915,0.042482,0.477388,0.003467,0.422915,0.414912,DOWN
4.4e-05,3,0.553191,0.042482,0.477388,0.003467,0.422915,0.414912,DOWN
4.4e-05,3,0.574468,0.042482,0.47114,0.003467,0.422915,0.414912,DOWN
4.4e-05,3,0.595745,0.041041,0.462065,0.003467,0.422915,0.414912,DOWN
4.4e-05,3,0.617021,0.040861,0.445403,0.003467,0.422915,0.414912,DOWN
4.4e-05,3,0.638298,0.040861,0.442428,0.003467,0.422915,0.414912,DOWN
4.4e-05,3,0.659574,0.040861,0.450759,0.003467,0.422915,0.414912,DOWN
4.4e-05,3,0.680851,0.040861,0.455965,0.003467,0.422915,0.414912,DOWN
4.4e-05,3,0.702128,0.040861,0.484677,0.003467,0.422915,0.414912,DOWN
4.4e-05,3,0.723404,0.041041,0.53377,0.003467,0.422915,0.414912,DOWN
4.4e-05,3,0.744681,0.041041,0.604136,0.003467,0.422915,0.414912,DOWN
4.4e-05,3,0.765957,0.040861,0.587028,0.003467,0.422915,0.414912,DOWN
4.4e-05,3,0.787234,0.040711,0.552812,0.003467,0.422915,0.414912,DOWN
4.4e-05,3,0.808511,0.040711,0.51086,0.003467,0.422915,0.414912,DOWN
4.4e-05,3,0.829787,0.040861,0.480065,0.003467,0.422915,0.414912,DOWN
4.4e-05,3,0.851064,0.041041,0.452246,0.003467,0.422915,0.414912,DOWN
4.4e-05,3,0.87234,0.041041,0.431568,0.003467,0.422915,0.414912,DOWN
4.4e-05,3,0.893617,0.041041,0.3856,0.003467,0.422915,0.414912,DOWN
4.4e-05,3,0.914894,0.041041,0.350342,0.003467,0.422915,0.414912,DOWN
4.4e-05,3,0.93617,0.056443,0.409104,0.003467,0.422915,0.414912,UP
4.4e-05,3,0.957447,0.055362,0.435138,0.003467,0.422915,0.414912,UP
4.4e-05,3,0.978723,0.059235,0.456412,0.003467,0.422915,0.414912,UP
4.4e-05,3,1.0,0.054642,0.449866,0.003467,0.422915,0.414912,UP
8.8e-05,4,0.0,0.054642,0.44823,0.003467,0.422915,0.414912,UP
8.8e-05,4,0.021277,0.054642,0.429485,0.003467,0.422915,0.414912,UP
8.8e-05,4,0.042553,0.051489,0.399286,0.003467,0.422915,0.414912,UP
8.8e-05,4,0.06383,0.041041,0.331449,0.003467,0.422915,0.414912,DOWN
8.8e-05,4,0.085106,0.041041,0.271794,0.003467,0.422915,0.414912,DOWN
8.8e-05,4,0.106383,0.041041,0.228206,0.003467,0.422915,0.414912,DOWN
8.8e-05,4,0.12766,0.041041,0.183576,0.003467,0.422915,0.414912,DOWN
8.8e-05,4,0.148936,0.041041,0.162452,0.003467,0.422915,0.414912,DOWN
8.8e-05,4,0.170213,0.046956,0.151592,0.003467,0.422915,0.414912,UP
8.8e-05,4,0.191489,0.046956,0.147724,0.003467,0.422915,0.414912,UP
8.8e-05,4,0.212766,0.046956,0.174353,0.003467,0.422915,0.414912,UP
8.8e-05,4,0.234043,0.047106,0.2169,0.003467,0.422915,0.414912,UP
8.8e-05,4,0.255319,0.049868,0.307349,0.003467,0.422915,0.414912,UP
8.8e-05,4,0.276596,0.047106,0.403451,0.003467,0.422915,0.414912,UP
8.8e-05,4,0.297872,0.046956,0.407766,0.003467,0.422915,0.414912,UP
8.8e-05,4,0.319149,0.041161,0.465486,0.003467,0.422915,0.414912,DOWN
8.8e-05,4,0.340426,0.040711,0.490777,0.003467,0.422915,0.414912,DOWN
8.8e-05,4,0.361702,0.041161,0.493603,0.003467,0.422915,0.414912,DOWN
8.8e-05,4,0.382979,0.045515,0.519786,0.003467,0.422915,0.414912,UP
8.8e-05,4,0.404255,0.046956,0.531836,0.003467,0.422915,0.414912,UP
8.8e-05,4,0.425532,0.046956,0.520976,0.003467,0.422915,0.414912,UP
8.8e-05,4,0.446809,0.047106,0.490925,0.003467,0.422915,0.414912,UP
8.8e-05,4,0.468085,0.047106,0.49762,0.003467,0.422915,0.414912,UP
8.8e-05,4,0.489362,0.047106,0.490479,0.003467,0.422915,0.414912,UP
8.8e-05,4,0.510638,0.047106,0.482892,0.003467,0.422915,0.414912,UP
8.8e-05,4,0.531915,0.047436,0.475751,0.003467,0.422915,0.414912,UP
8.8e-05,4,0.553191,0.047436,0.474412,0.003467,0.422915,0.414912,UP
8.8e-05,4,0.574468,0.047106,0.466825,0.003467,0.422915,0.414912,UP
8.8e-05,4,0.595745,0.047106,0.458792,0.003467,0.422915,0.414912,UP
8.8e-05,4,0.617021,0.047106,0.446742,0.003467,0.422915,0.414912,UP
8.8e-05,4,0.638298,0.046956,0.439601,0.003467,0.422915,0.414912,UP
8.8e-05,4,0.659574,0.046956,0.442428,0.003467,0.422915,0.414912,UP
8.8e-05,4,0.680851,0.042482,0.450461,0.003467,0.422915,0.414912,DOWN
8.8e-05,4,0.702128,0.042482,0.468015,0.003467,0.422915,0.414912,DOWN
8.8e-05,4,0.723404,0.046956,0.510562,0.003467,0.422915,0.414912,UP
8.8e-05,4,0.744681,0.046956,0.592086,0.003467,0.422915,0.414912,UP
8.8e-05,4,0.765957,0.046956,0.584796,0.003467,0.422915,0.414912,UP
8.8e-05,4,0.787234,0.042482,0.558018,0.003467,0.422915,0.414912,DOWN
8.8e-05,4,0.808511,0.040711,0.52053,0.003467,0.422915,0.414912,DOWN
8.8e-05,4,0.829787,0.040711,0.493454,0.003467,0.422915,0.414912,DOWN
8.8e-05,4,0.851064,0.042482,0.473817,0.003467,0.422915,0.414912,DOWN
8.8e-05,4,0.87234,0.041882,0.453585,0.003467,0.422915,0.414912,DOWN
8.8e-05,4,0.893617,0.046956,0.407468,0.003467,0.422915,0.414912,UP
8.8e-05,4,0.914894,0.046956,0.371169,0.003467,0.422915,0.414912,UP
8.8e-05,4,0.93617,0.056443,0.422345,0.003467,0.422915,0.414912,UP
8.8e-05,4,0.957447,0.051699,0.442577,0.003467,0.422915,0.414912,UP
8.8e-05,4,0.978723,0.075868,0.46385,0.003467,0.422915,0.414912,UP
8.8e-05,4,1.0,0.075267,0.462065,0.003467,0.422915,0.414912,UP
0.000133,5,0.0,0.075868,0.459833,0.003467,0.422915,0.414912,UP
0.000133,5,0.021277,0.075868,0.434543,0.003467,0.422915,0.414912,UP
0.000133,5,0.042553,0.074517,0.395567,0.003467,0.422915,0.414912,UP
0.000133,5,0.06383,0.075267,0.327879,0.003467,0.422915,0.414912,UP
0.000133,5,0.085106,0.075868,0.273282,0.003467,0.422915,0.414912,UP
0.000133,5,0.106383,0.074517,0.232223,0.003467,0.422915,0.414912,UP
0.000133,5,0.12766,0.073976,0.187295,0.003467,0.422915,0.414912,UP
0.000133,5,0.148936,0.073976,0.164237,0.003467,0.422915,0.414912,UP
0.000133,5,0.170213,0.076948,0.154418,0.003467,0.422915,0.414912,UP
0.000133,5,0.191489,0.074367,0.159625,0.003467,0.422915,0.414912,UP
0.000133,5,0.212766,0.074367,0.182981,0.003467,0.422915,0.414912,UP
0.000133,5,0.234043,0.076948,0.226867,0.003467,0.422915,0.414912,UP
0.000133,5,0.255319,0.077999,0.314192,0.003467,0.422915,0.414912,UP
0.000133,5,0.276596,0.077039,0.401517,0.003467,0.422915,0.414912,UP
0.000133,5,0.297872,0.089798,0.405832,0.003467,,0.414912,UP
0.000133,5,0.319149,0.089798,0.457751,0.003467,,0.414912,UP
0.000133,5,0.340426,0.089798,0.496727,0.003467,,0.414912,UP
0.000133,5,0.361702,0.089798,0.500595,0.003467,,0.414912,UP
0.000133,5,0.382979,0.149664,0.542101,0.003467,0.422915,0.414912,UP
0.000133,5,0.404255,0.089798,0.550878,0.003467,0.422915,0.414912,UP
0.000133,5,0.425532,0.089798,0.535257,0.003467,0.422915,0.414912,UP
0.000133,5,0.446809,0.089798,0.516662,0.003467,0.422915,0.414912,UP
0.000133,5,0.468085,0.047676,0.50476,0.003467,0.422915,0.414912,DOWN
0.000133,5,0.489362,0.146902,0.495537,0.003467,0.422915,0.414912,UP
0.000133,5,0.510638,0.193287,0.485272,0.003467,0.422915,0.414912,UP
0.000133,5,0.531915,0.193287,0.482594,0.003467,0.422915,0.414912,UP
0.000133,5,0.553191,0.194548,0.473371,0.003467,0.422915,0.414912,UP
0.000133,5,0.574468,0.193287,0.468164,0.003467,,0.414912,UP
0.000133,5,0.595745,0.139636,0.461619,0.003467,0.422915,0.414912,UP
0.000133,5,0.617021,0.149664,0.456709,0.003467,0.422915,0.414912,UP
0.000133,5,0.638298,0.089798,0.439453,0.003467,0.422915,0.414912,UP
0.000133,5,0.659574,0.089798,0.438411,0.003467,0.422915,0.414912,UP
0.000133,5,0.680851,0.06626,0.441684,0.003467,0.422915,0.414912,DOWN
0.000133,5,0.702128,0.089798,0.458792,0.003467,0.422915,0.414912,UP
0.000133,5,0.723404,0.089798,0.499554,0.003467,0.422915,0.414912,UP
0.000133,5,0.744681,0.077039,0.54939,0.003467,0.422915,0.414912,DOWN
0.000133,5,0.765957,0.047586,0.53377,0.003467,0.422915,0.414912,DOWN
0.000133,5,0.787234,0.076948,0.505504,0.003467,0.422915,0.414912,DOWN
0.000133,5,0.808511,0.076948,0.458346,0.003467,0.422915,0.414912,DOWN
0.000133,5,0.829787,0.074036,0.429485,0.003467,0.422915,0.414912,DOWN
0.000133,5,0.851064,0.047586,0.399137,0.003467,0.422915,0.414912,DOWN
0.000133,5,0.87234,0.047586,0.376525,0.003467,0.422915,0.414912,DOWN
0.000133,5,0.893617,0.072835,0.352127,0.003467,0.422915,0.414912,DOWN
0.000133,5,0.914894,0.047586,0.309283,0.003467,0.422915,0.414912,DOWN
0.000133,5,0.93617,0.072835,0.381434,0.003467,0.422915,0.414912,DOWN
0.000133,5,0.957447,0.074367,0.408956,0.003467,0.422915,0.414912,DOWN
0.000133,5,0.978723,0.093611,0.43856,0.003467,0.422915,0.414912,UP
0.000133,5,1.0,0.149664,0.435436,0.003467,0.422915,0.414912,UP
0.000177,6,0.0,0.076948,0.436924,0.003467,0.422915,0.414912,DOWN
0.000177,6,0.021277,0.074336,0.407468,0.003467,0.422915,0.414912,DOWN
0.000177,6,0.042553,0.077039,0.368343,0.003467,0.422915,0.414912,DOWN
0.000177,6,0.06383,0.072835,0.304522,0.003467,0.422915,0.414912,DOWN
0.000177,6,0.085106,0.071905,0.246355,0.003467,0.422915,0.414912,DOWN
0.000177,6,0.106383,0.046956,0.196816,0.003467,0.422915,0.414912,DOWN
0.000177,6,0.12766,0.046956,0.152633,0.003467,0.422915,0.414912,DOWN
0.000177,6,0.148936,0.046806,0.127343,0.003467,0.422915,0.414912,DOWN
0.000177,6,0.170213,0.046956,0.11083,0.003467,0.422915,0.414912,DOWN
0.000177,6,0.191489,0.046956,0.101607,0.003467,0.422915,0.414912,DOWN
0.000177,6,0.212766,0.046956,0.105326,0.003467,0.422915,0.414912,DOWN
0.000177,6,0.234043,0.062417,0.120649,0.003467,0.422915,0.414912,DOWN
0.000177,6,0.255319,0.062417,0.149807,0.003467,0.422915,0.414912,DOWN
0.000177,6,0.276596,0.072145,0.176882,0.003467,0.422915,0.414912,DOWN
0.000177,6,0.297872,0.047106,0.214073,0.003467,0.422915,0.414912,DOWN
0.000177,6,0.319149,0.080581,0.286224,0.003467,0.422915,0.414912,DOWN
0.000177,6,0.340426,0.072145,0.344243,0.003467,0.422915,0.414912,DOWN
0.000177,6,0.361702,0.080581,0.385897,0.003467,0.422915,0.414912,DOWN
0.000177,6,0.382979,0.080581,0.423535,0.003467,0.422915,0.414912,DOWN
0.000177,6,0.404255,0.072745,0.428593,0.003467,0.422915,0.414912,DOWN
0.000177,6,0.425532,0.047376,0.416989,0.003467,0.422915,0.414912,DOWN
0.000177,6,0.446809,0.047256,0.403154,0.003467,0.422915,0.414912,DOWN
0.000177,6,0.468085,0.072145,0.382624,0.003467,0.422915,0.414912,DOWN
0.000177,6,0.489362,0.047256,0.371021,0.003467,0.422915,0.414912,DOWN
0.000177,6,0.510638,0.072145,0.354508,0.003467,0.422915,0.414912,DOWN
0.000177,6,0.531915,0.047256,0.337102,0.003467,0.422915,0.414912,DOWN
0.000177,6,0.553191,0.047256,0.325796,0.003467,0.422915,0.414912,DOWN
0.000177,6,0.574468,0.072145,0.313746,0.003467,0.422915,0.414912,DOWN
0.000177,6,,0.047256,0.296489,0.003467,0.422915,0.414912,DOWN
0.000177,6,0.617021,0.047256,0.287266,0.003467,0.422915,0.414912,DOWN
0.000177,6,0.638298,0.072145,0.284588,0.003467,0.422915,0.414912,UP
0.000177,6,0.659574,0.072745,0.287266,0.003467,0.422915,0.414912,UP
0.000177,6,0.680851,0.080581,0.291431,0.003467,0.422915,0.414912,UP
0.000177,6,0.702128,0.080581,0.318209,0.003467,0.422915,0.414912,UP
0.000177,6,0.723404,0.072745,0.363136,0.003467,0.422915,0.414912,UP
0.000177,6,0.744681,0.080581,0.44942,0.003467,0.422915,0.414912,UP
0.000177,6,0.765957,0.072745,0.458048,0.003467,0.422915,0.414912,UP
0.000177,6,0.787234,0.072145,0.428444,0.003467,0.422915,0.414912,UP
0.000177,6,0.808511,0.047256,0.385302,0.003467,0.422915,0.414912,DOWN
0.000177,6,0.829787,0.047256,0.351532,0.003467,0.422915,0.414912,DOWN
0.000177,6,0.851064,0.047256,0.32535,0.003467,0.422915,0.414912,DOWN
0.000177,6,0.87234,0.047256,0.309432,0.003467,0.422915,0.414912,DOWN
0.000177,6,0.893617,0.047106,0.282059,0.003467,0.422915,0.414912,DOWN
0.000177,6,0.914894,0.047106,0.259447,0.003467,0.422915,0.414912,DOWN
0.000177,6,0.93617,0.072145,0.29753,0.003467,0.422915,0.414912,UP
0.000177,6,0.957447,0.047106,0.31687,0.003467,0.422915,0.414912,DOWN
0.000177,6,0.978723,0.047256,0.3374,0.003467,0.422915,0.414912,DOWN
0.000177,6,1.0,0.047256,0.316572,0.003467,0.422915,0.414912,DOWN
0.000221,7,0.0,0.047106,0.30244,0.003467,0.422915,0.414912,DOWN
0.000221,7,0.021277,0.047106,0.259,0.003467,0.422915,0.414912,DOWN
0.000221,7,0.042553,0.047106,0.234157,0.003467,0.422915,0.414912,DOWN
0.000221,7,0.06383,0.047106,0.182089,0.003467,0.422915,0.414912,DOWN
0.000221,7,0.085106,0.046956,0.140732,0.003467,0.422915,0.414912,DOWN
0.000221,7,0.106383,0.062417,0.111425,0.003467,0.422915,0.414912,UP
0.000221,7,0.12766,0.062417,0.087176,0.003467,0.422915,0.414912,UP
0.000221,7,0.148936,0.062417,0.07349,0.003467,0.422915,0.414912,UP
0.000221,7,0.170213,0.062417,0.058167,0.003467,0.422915,0.414912,UP
0.000221,7,0.191489,0.062417,0.052812,0.003467,0.422915,0.414912,UP
0.000221,7,0.212766,0.063889,0.064267,0.003467,0.422915,0.414912,UP
0.000221,7,0.234043,0.062417,0.074383,0.003467,0.422915,0.414912,UP
0.000221,7,0.255319,0.062417,0.090747,0.003467,0.422915,0.414912,UP
0.000221,7,0.276596,0.046956,0.091937,0.003467,0.422915,0.414912,DOWN
0.000221,7,0.297872,0.046956,0.127938,0.003467,0.422915,0.414912,DOWN
0.000221,7,0.319149,0.047256,0.180452,0.003467,0.422915,0.414912,DOWN
0.000221,7,0.340426,0.047256,0.230884,0.003467,0.422915,0.414912,DOWN
0.000221,7,0.361702,0.047256,0.277298,0.003467,0.422915,0.414912,DOWN
0.000221,7,0.382979,0.047376,0.327581,0.003467,0.422915,0.414912,DOWN
0.000221,7,0.404255,0.047376,0.351235,0.003467,0.422915,0.414912,DOWN
0.000221,7,0.425532,0.047256,0.355251,0.003467,0.422915,0.414912,DOWN
0.000221,7,0.446809,0.047256,0.345582,0.003467,0.422915,0.414912,
0.000221,7,0.468085,0.071694,0.337251,0.003467,0.422915,0.414912,UP
0.000221,7,0.489362,0.054131,0.323416,0.003467,0.422915,0.414912,
0.000221,7,0.510638,0.071694,0.308242,0.003467,0.422915,0.414912,UP
0.000221,7,0.531915,0.069383,0.281018,0.003467,0.422915,0.414912,UP
0.000221,7,0.553191,0.047256,0.263612,0.003467,0.422915,0.414912,
0.000221,7,0.574468,0.047256,0.244868,0.003467,0.422915,0.414912,DOWN
0.000221,7,0.595745,0.047256,0.235049,0.003467,0.422915,0.414912,DOWN
0.000221,7,0.617021,0.047106,0.231479,0.003467,0.422915,0.414912,DOWN
0.000221,7,0.638298,0.047256,0.23252,0.003467,0.422915,0.414912,DOWN
0.000221,7,0.659574,0.047106,0.240405,0.003467,0.422915,0.414912,DOWN
0.000221,7,0.680851,0.047256,0.240702,0.003467,0.422915,0.414912,DOWN
0.000221,7,0.702128,0.047256,0.263761,0.003467,0.422915,0.414912,DOWN
0.000221,7,0.723404,0.047286,0.311068,0.003467,0.422915,0.414912,DOWN
0.000221,7,0.744681,0.047436,0.387682,0.003467,0.422915,0.414912,DOWN
0.000221,7,0.765957,0.069383,0.403898,0.003467,0.422915,0.414912,UP
0.000221,7,0.787234,0.047376,0.383071,0.003467,0.422915,0.414912,DOWN
0.000221,7,0.808511,0.047256,0.366706,0.003467,0.422915,0.414912,DOWN
0.000221,7,0.829787,0.047256,0.346772,0.003467,0.422915,0.414912,DOWN
0.000221,7,0.851064,0.047256,0.328771,0.003467,0.422915,0.414912,DOWN
0.000221,7,0.87234,0.047106,0.311068,0.003467,0.422915,0.414912,DOWN
0.000221,7,0.893617,0.047106,0.280571,0.003467,0.422915,0.414912,DOWN
0.000221,7,0.914894,0.047106,0.252455,0.003467,0.422915,0.414912,DOWN
0.000221,7,0.93617,0.047106,0.287414,0.003467,0.422915,0.414912,DOWN
0.000221,7,0.957447,0.047256,0.298869,0.003467,0.422915,0.414912,DOWN
0.000221,7,0.978723,0.047256,0.316424,0.003467,0.422915,0.414912,DOWN
0.000221,7,1.0,0.047106,0.293663,0.003467,0.422915,0.414912,DOWN
0.000265,1,0.0,0.047106,0.282654,0.003467,0.422915,0.414912,
0.000265,1,0.021277,0.047106,0.247694,0.003467,0.422915,0.414912,
0.000265,1,0.042553,0.047106,0.233859,0.003467,0.422915,0.414912,DOWN
0.000265,1,0.06383,0.046956,0.185808,0.003467,0.422915,0.414912,DOWN
0.000265,1,0.085106,0.046956,0.154865,0.003467,0.422915,0.414912,DOWN
0.000265,1,0.106383,0.046956,0.127789,0.003467,0.422915,0.414912,DOWN
0.000265,1,0.12766,0.046956,0.112169,0.003467,0.422915,0.414912,DOWN
0.000265,1,0.148936,0.046806,0.101309,0.003467,0.422915,0.414912,DOWN
0.000265,1,0.170213,0.046806,0.10235,0.003467,0.422915,0.414912,DOWN
0.000265,1,0.191489,0.046806,0.110533,0.003467,0.422915,0.414912,DOWN
0.000265,1,0.212766,0.046806,0.143112,0.003467,0.422915,0.414912,DOWN
0.000265,1,0.234043,0.047256,0.187742,0.003467,0.422915,0.414912,DOWN
0.000265,1,0.255319,0.047256,0.27953,0.003467,0.422915,0.414912,DOWN
0.000265,1,0.276596,0.047106,0.367599,0.003467,0.422915,0.414912,DOWN
0.000265,1,0.297872,0.10475,0.375483,,0.422915,0.414912,UP
0.000265,1,0.319149,0.10475,0.435882,,0.422915,0.414912,UP
0.000265,1,0.340426,0.155878,0.465338,,0.422915,0.414912,UP
0.000265,1,0.361702,0.153206,0.469652,,0.422915,0.414912,UP
0.000265,,0.382979,0.10475,0.512348,,0.422915,0.414912,UP
0.000265,,0.404255,0.10475,0.529753,0.003467,0.422915,0.414912,UP
0.000265,,0.425532,0.10475,0.519042,0.003467,0.422915,0.414912,UP
0.000265,,0.446809,0.074817,0.498959,0.003467,0.422915,0.414912,UP
0.000265,,0.468085,0.10475,0.495091,0.003467,0.422915,0.414912,UP
0.000265,1,0.489362,0.10475,,0.003467,0.422915,0.414912,UP
0.000265,1,0.510638,0.13105,0.488545,0.003467,0.422915,0.414912,UP
0.000265,1,0.531915,0.10475,0.476346,0.003467,0.422915,0.414912,UP
0.000265,1,0.553191,0.10475,0.478578,0.003467,0.422915,0.414912,UP
0.000265,1,0.574468,0.13105,0.478429,0.003467,0.422915,0.414912,UP
0.000265,1,,,0.473222,0.003467,0.422915,0.414912,UP
0.000265,1,0.617021,,0.467718,0.003467,0.422915,0.414912,UP
0.000265,1,0.638298,,0.457007,0.003467,0.422915,0.414912,UP
0.000265,1,0.659574,,0.472925,0.003467,0.422915,0.414912,UP
0.000265,1,0.680851,0.179596,0.489289,0.003467,0.422915,0.414912,UP
0.000265,1,0.702128,0.179596,0.53734,0.003467,0.422915,0.414912,UP
0.000265,1,0.723404,0.209229,0.591639,0.003467,0.422915,0.414912,UP
0.000265,1,0.744681,0.194548,0.651592,0.003467,0.422915,0.414912,UP
0.000265,1,0.765957,0.193287,0.629575,0.003467,0.422915,0.414912,UP
0.000265,1,0.787234,0.179596,0.597292,0.003467,0.422915,0.414912,UP
0.000265,1,0.808511,0.179596,0.558316,0.003467,0.422915,0.414912,UP
0.000265,1,0.829787,0.13105,0.526034,0.003467,0.422915,0.414912,UP
0.000265,1,0.851064,0.155878,0.497025,0.003467,0.422915,0.414912,UP
0.000265,1,0.87234,0.10475,0.471883,0.003467,0.422915,0.414912,UP
0.000265,1,0.893617,0.109283,0.427998,0.003467,0.422915,0.414912,UP
0.000265,1,0.914894,0.10475,0.3795,0.003467,0.422915,0.414912,UP
0.000265,1,0.93617,0.088327,0.425022,0.003467,0.422915,0.414912,DOWN
0.000265,1,0.957447,0.088327,0.448825,0.003467,0.422915,0.414912,DOWN
0.000265,1,0.978723,0.109283,0.468462,0.003467,0.422915,0.414912,UP
0.000265,1,1.0,0.077039,0.46385,0.003467,0.422915,0.414912,DOWN
0.00031,2,0.0,0.077039,0.459685,0.003467,0.422915,0.414912,DOWN
0.00031,2,0.021277,0.088327,0.438857,0.003467,0.422915,0.414912,DOWN
0.00031,2,0.042553,0.047256,0.409551,0.003467,0.422915,0.414912,DOWN
0.00031,2,0.06383,0.047106,0.341416,0.003467,0.422915,0.414912,DOWN
0.00031,2,0.085106,0.047106,0.279232,0.003467,0.422915,0.414912,DOWN
0.00031,2,0.106383,0.046956,0.236686,0.003467,0.422915,0.414912,DOWN
0.00031,2,0.12766,0.046956,0.193692,0.003467,0.422915,0.414912,DOWN
0.00031,2,0.148936,0.062417,0.167361,0.003467,0.422915,0.414912,DOWN
0.00031,2,0.170213,0.077999,0.157542,0.003467,0.422915,0.414912,DOWN
0.00031,2,0.191489,0.077999,0.158137,0.003467,0.422915,0.414912,DOWN
0.00031,2,0.212766,0.077999,0.186105,0.003467,0.422915,0.414912,DOWN
0.00031,2,0.234043,0.083794,0.233115,0.003467,0.422915,0.414912,DOWN
0.00031,2,0.255319,0.085415,0.323862,0.003467,0.422915,0.414912,DOWN
0.00031,2,0.276596,0.162093,0.436626,0.003467,0.422915,0.414912,UP
0.00031,2,0.297872,0.162093,0.447188,0.003467,0.422915,0.414912,UP
0.00031,2,0.319149,0.179596,0.505802,0.003467,0.422915,0.414912,UP
0.00031,2,0.340426,0.179596,0.528265,0.003467,0.422915,0.414912,UP
0.00031,2,0.361702,0.179596,0.523654,0.003467,0.422915,0.414912,UP
0.00031,2,0.382979,0.179596,0.558762,0.003467,0.422915,0.414912,UP
0.00031,2,0.404255,0.179596,0.5723,0.003467,0.422915,0.414912,UP
0.00031,2,0.425532,0.162093,0.553704,0.003467,0.422915,0.414912,UP
0.00031,2,0.446809,0.10475,0.533621,0.003467,0.422915,0.414912,DOWN
0.00031,2,0.468085,0.162093,0.516513,0.003467,0.422915,0.414912,UP
0.00031,2,0.489362,0.143389,0.509223,0.003467,0.422915,0.414912,UP
0.00031,2,0.510638,0.13105,0.497173,0.003467,0.422915,0.414912,UP
0.00031,2,0.531915,0.143389,0.499851,0.003467,0.422915,0.414912,UP
0.00031,2,0.553191,0.143389,0.502083,0.003467,0.422915,0.414912,UP
0.00031,2,0.574468,0.143389,0.491372,0.003467,0.422915,0.414912,UP
0.00031,2,0.595745,0.143389,0.479768,0.003467,0.422915,0.414912,UP
0.00031,2,0.617021,0.13105,0.47471,0.003467,0.422915,0.414912,UP
0.00031,2,0.638298,0.13105,0.468015,0.003467,0.422915,0.414912,UP
0.00031,2,0.659574,0.13105,0.484826,0.003467,0.422915,0.414912,UP
0.00031,2,0.680851,0.162093,0.498959,0.003467,0.422915,0.414912,UP
0.00031,2,0.702128,0.179596,0.540762,0.003467,0.422915,0.414912,UP
0.00031,2,0.723404,0.194548,0.612169,0.003467,0.422915,0.414912,UP
0.00031,2,0.744681,0.194548,0.678667,0.003467,0.422915,0.414912,UP
0.00031,2,0.765957,0.194548,0.665873,0.003467,0.422915,0.414912,UP
0.00031,2,0.787234,0.188904,0.635228,0.003467,0.422915,0.414912,UP
0.00031,2,0.808511,0.179596,0.585242,0.003467,0.422915,0.414912,UP
0.00031,2,0.829787,0.179596,0.562035,0.003467,0.422915,0.414912,UP
0.00031,2,0.851064,0.143389,0.535852,0.003467,0.422915,0.414912,UP
0.00031,2,0.87234,0.121713,0.508033,0.003467,0.422915,0.414912,DOWN
0.00031,2,0.893617,0.10475,0.463106,0.003467,0.422915,0.414912,DOWN
0.00031,2,0.914894,0.10475,0.422047,0.003467,0.422915,0.414912,DOWN
0.00031,2,0.93617,0.13105,0.458941,0.003467,0.422915,0.414912,UP
0.00031,2,0.957447,0.121713,0.470098,0.003467,0.422915,0.414912,DOWN
0.00031,2,0.978723,0.090759,0.488396,0.003467,0.422915,0.414912,DOWN
0.00031,2,1.0,0.121713,0.480661,0.003467,0.422915,0.414912,DOWN
0.000354,3,0.0,0.121713,0.486314,0.003467,0.422915,0.414912,DOWN
0.000354,3,0.021277,0.121713,0.459387,0.003467,0.422915,0.414912,DOWN
0.000354,3,0.042553,0.085415,0.431419,0.003467,0.422915,0.414912,DOWN
0.000354,3,0.06383,0.083794,0.363582,0.003467,0.422915,0.414912,DOWN
0.000354,3,0.085106,0.083794,0.311068,0.003467,0.422915,0.414912,DOWN
0.000354,3,0.106383,0.080581,0.258554,0.003467,0.422915,0.414912,DOWN
0.000354,3,0.12766,0.077999,0.217197,0.003467,0.422915,0.414912,DOWN
0.000354,3,0.148936,0.077999,0.186998,0.003467,0.422915,0.414912,DOWN
0.000354,3,0.170213,0.062417,0.175245,0.003467,0.422915,0.414912,DOWN
0.000354,3,0.191489,0.062417,0.173312,0.003467,0.422915,0.414912,DOWN
0.000354,3,0.212766,0.077999,0.202321,0.003467,0.422915,0.414912,DOWN
0.000354,3,0.234043,0.077999,0.243529,0.003467,0.422915,0.414912,DOWN
0.000354,3,0.255319,0.121713,0.345284,0.003467,0.422915,0.414912,DOWN
0.000354,3,0.276596,0.140267,0.451503,0.003467,0.422915,0.414912,UP
0.000354,3,0.297872,0.162093,0.461321,0.003467,0.422915,0.414912,UP
0.000354,3,0.319149,0.193287,0.525588,0.003467,0.422915,0.414912,UP
0.000354,3,0.340426,0.179596,0.544183,0.003467,0.422915,0.414912,UP
0.000354,3,0.361702,0.162093,0.533323,0.003467,0.422915,0.414912,UP
0.000354,3,0.382979,0.140267,0.563672,0.003467,0.422915,0.414912,UP
0.000354,3,0.404255,0.119731,0.567986,0.003467,0.422915,0.414912,DOWN
0.000354,3,0.425532,0.119731,0.551175,0.003467,0.422915,0.414912,DOWN
0.000354,3,0.446809,0.119731,0.529902,0.003467,0.422915,0.414912,DOWN
0.000354,3,0.468085,0.089798,0.518298,0.003467,0.422915,0.414912,DOWN
0.000354,3,0.489362,0.119731,0.503422,0.003467,0.422915,0.414912,DOWN
0.000354,3,0.510638,0.119731,0.492264,0.003467,0.422915,0.414912,DOWN
0.000354,3,0.531915,0.089798,0.481702,0.003467,0.422915,0.414912,DOWN
0.000354,3,0.553191,0.089798,0.472925,0.003467,0.422915,0.414912,DOWN
0.000354,3,0.574468,0.089798,0.468908,0.003467,0.422915,0.414912,DOWN
0.000354,3,,0.089798,0.456412,0.003467,0.422915,0.414912,DOWN
0.000354,3,0.617021,0.089798,0.441238,0.003467,0.422915,0.414912,DOWN
0.000354,3,0.638298,0.089798,0.43499,0.003467,0.422915,0.414912,DOWN
0.000354,3,0.659574,0.045214,0.450164,0.003467,0.422915,0.414912,DOWN
0.000354,3,0.680851,0.089798,0.463106,0.003467,0.422915,0.414912,DOWN
0.000354,3,0.702128,0.119731,0.500149,0.003467,0.422915,0.414912,UP
0.000354,3,0.723404,0.203525,0.570217,0.003467,0.422915,0.414912,UP
0.000354,3,0.744681,0.203525,0.645492,0.003467,0.422915,0.414912,UP
0.000354,3,0.765957,0.203525,0.632699,0.003467,0.422915,0.414912,UP
0.000354,3,0.787234,0.193287,0.604582,0.003467,0.422915,0.414912,UP
0.000354,3,0.808511,0.162093,0.565605,0.003467,0.422915,0.414912,UP
0.000354,3,0.829787,0.140267,0.540315,0.003467,0.422915,0.414912,UP
0.000354,3,0.851064,0.119731,0.519786,0.003467,0.422915,0.414912,UP
0.000354,3,0.87234,0.119731,0.488694,0.003467,0.422915,0.414912,UP
0.000354,3,0.893617,0.119731,0.44823,0.003467,0.422915,0.414912,UP
0.000354,3,0.914894,0.119731,0.399732,0.003467,0.422915,0.414912,UP
0.000354,3,0.93617,0.140267,0.448825,0.003467,0.422915,0.414912,UP
0.000354,3,0.957447,0.13105,0.464296,0.003467,0.422915,0.414912,UP
0.000354,3,0.978723,0.134622,0.487652,0.003467,0.422915,0.414912,UP
0.000354,3,1.0,0.121713,0.488545,0.003467,0.422915,0.414912,UP
0.000398,4,0.0,0.140267,0.49033,0.003467,0.422915,0.414912,UP
0.000398,4,0.021277,0.121713,0.463999,0.003467,0.422915,0.414912,UP
0.000398,4,0.042553,0.111024,0.428741,0.003467,0.422915,0.414912,DOWN
0.000398,4,0.06383,0.090759,0.366855,0.003467,0.422915,0.414912,DOWN
0.000398,4,0.085106,0.077999,0.307349,0.003467,0.422915,0.414912,DOWN
0.000398,4,0.106383,0.077999,0.261232,0.003467,0.422915,0.414912,DOWN
0.000398,4,0.12766,0.062417,0.215115,0.003467,0.422915,0.414912,DOWN
0.000398,4,0.148936,0.077999,0.186254,0.003467,0.422915,0.414912,DOWN
0.000398,4,0.170213,0.074877,0.170336,0.003467,0.422915,0.414912,DOWN
0.000398,4,0.191489,0.074877,0.171526,0.003467,0.422915,0.414912,DOWN
0.000398,4,0.212766,0.081122,0.199494,0.003467,0.422915,0.414912,DOWN
0.000398,4,0.234043,0.081122,0.241595,0.003467,0.422915,0.414912,DOWN
0.000398,4,0.255319,0.114057,0.338143,0.003467,0.422915,0.414912,DOWN
0.000398,4,0.276596,0.13105,0.44332,0.003467,0.422915,0.414912,UP
0.000398,4,0.297872,0.13105,0.45537,0.003467,0.422915,0.414912,UP
0.000398,4,0.319149,0.149634,0.524695,0.003467,0.422915,0.414912,UP
0.000398,4,0.340426,0.149634,0.543737,0.003467,0.422915,0.414912,UP
0.000398,4,0.361702,0.13105,0.536894,0.003467,0.422915,0.414912,UP
0.000398,4,0.382979,0.110724,0.57706,0.003467,0.422915,0.414912,DOWN
0.000398,4,0.404255,0.110724,0.586581,0.003467,0.422915,0.414912,DOWN
0.000398,4,0.425532,0.107752,0.571407,0.003467,0.422915,0.414912,DOWN
0.000398,4,0.446809,0.107752,0.552812,0.003467,0.422915,0.414912,DOWN
0.000398,4,0.468085,0.107752,0.537043,0.003467,0.422915,0.414912,DOWN
0.000398,4,0.489362,0.074817,0.530646,0.003467,0.422915,0.414912,DOWN
0.000398,4,0.510638,0.074817,0.523951,0.003467,0.422915,0.414912,DOWN
0.000398,4,0.531915,0.074817,0.514579,0.003467,0.422915,0.414912,DOWN
0.000398,4,0.553191,0.074817,0.500149,0.003467,0.422915,0.414912,DOWN
0.000398,4,0.574468,0.107752,0.502678,0.003467,0.422915,0.414912,DOWN
0.000398,4,0.595745,0.074817,0.495537,0.003467,0.422915,0.414912,DOWN
0.000398,4,0.617021,0.074817,0.488545,0.003467,0.422915,0.414912,DOWN
0.000398,4,0.638298,0.107752,0.48557,0.003467,0.422915,0.414912,DOWN
0.000398,4,0.659574,0.107752,0.496578,0.003467,0.422915,0.414912,DOWN
0.000398,4,0.680851,0.107752,0.517852,0.003467,0.422915,0.414912,DOWN
0.000398,4,0.702128,0.121713,0.557126,0.003467,0.422915,0.414912,UP
0.000398,4,0.723404,0.149664,0.616483,0.003467,0.422915,0.414912,UP
0.000398,4,0.744681,0.149664,0.678667,0.003467,0.422915,0.414912,UP
0.000398,4,0.765957,0.149664,0.670485,0.003467,0.422915,0.414912,UP
0.000398,4,0.787234,0.149664,0.646534,0.003467,0.422915,0.414912,UP
0.000398,4,0.808511,0.149664,0.608599,0.003467,0.422915,0.414912,UP
0.000398,4,0.829787,0.134622,0.578697,0.003467,0.422915,0.414912,UP
0.000398,4,0.851064,0.121713,0.560399,0.003467,0.422915,0.414912,UP
0.000398,4,0.87234,0.110724,0.528265,0.003467,0.422915,0.414912,DOWN
0.000398,4,0.893617,0.107752,0.475602,0.003467,0.422915,0.414912,DOWN
0.000398,4,0.914894,0.107752,0.430527,0.003467,0.422915,0.414912,DOWN
0.000398,4,0.93617,0.121713,0.477388,0.003467,0.422915,0.414912,UP
0.000398,4,0.957447,0.13093,0.49033,0.003467,0.422915,0.414912,UP
0.000398,4,0.978723,0.13093,0.500446,0.003467,0.422915,0.414912,UP
0.000398,4,1.0,0.13093,0.489586,0.003467,0.422915,0.414912,UP
0.000442,5,0.0,0.13093,0.485421,0.003467,0.422915,0.414912,UP
0.000442,5,0.021277,0.121713,0.461619,0.003467,0.422915,0.414912,UP
0.000442,5,0.042553,0.111024,0.433948,0.003467,0.422915,0.414912,UP
0.000442,5,0.06383,0.090759,0.364177,0.003467,0.422915,0.414912,DOWN
0.000442,5,0.085106,0.081122,0.308688,0.003467,0.422915,0.414912,DOWN
0.000442,5,0.106383,0.081122,0.262571,0.003467,0.422915,0.414912,DOWN
0.000442,5,0.12766,0.081122,0.217197,0.003467,0.422915,0.414912,DOWN
0.000442,5,0.148936,0.081122,0.190866,0.003467,0.422915,0.414912,DOWN
0.000442,5,0.170213,0.081122,0.176138,0.003467,0.422915,0.414912,DOWN
0.000442,5,0.191489,0.081122,0.175245,0.003467,0.422915,0.414912,DOWN
0.000442,5,0.212766,0.081122,0.203511,0.003467,0.422915,0.414912,DOWN
0.000442,5,0.234043,0.121713,0.246504,0.003467,0.422915,0.414912,UP
0.000442,5,0.255319,0.134622,0.339334,0.003467,0.422915,0.414912,UP
0.000442,5,0.276596,0.14447,0.444511,0.003467,0.422915,0.414912,UP
0.000442,5,0.297872,0.044134,0.459833,0.003467,0.422915,0.414912,DOWN
0.000442,5,0.319149,0.07926,0.526778,0.003467,0.422915,0.414912,DOWN
0.000442,5,0.340426,0.13105,0.546712,0.003467,0.422915,0.414912,UP
0.000442,5,0.361702,0.13096,0.543886,0.003467,0.422915,0.414912,UP
0.000442,5,0.382979,0.178095,0.576317,0.003467,0.422915,0.414912,UP
0.000442,5,0.404255,0.168338,0.582565,0.003467,0.422915,0.414912,UP
0.000442,5,0.425532,0.168338,0.564713,0.003467,0.422915,0.414912,UP
0.000442,5,0.446809,0.149634,0.545076,0.003467,0.422915,0.414912,UP
0.000442,5,0.468085,0.149634,0.530943,0.003467,0.422915,0.414912,UP
0.000442,5,0.489362,0.149634,0.529009,0.003467,0.422915,0.414912,UP
0.000442,5,0.510638,0.146391,0.519786,0.003467,0.422915,0.414912,UP
0.000442,5,0.531915,0.13105,0.510562,0.003467,0.422915,0.414912,UP
0.000442,5,0.553191,0.13093,,0.003467,0.422915,0.414912,UP
0.000442,5,0.574468,0.13105,0.481851,0.003467,0.422915,0.414912,UP
0.000442,5,0.595745,0.045214,0.469057,0.003467,0.422915,0.414912,DOWN
0.000442,5,0.617021,0.13105,0.457751,0.003467,0.422915,0.414912,UP
0.000442,5,0.638298,,0.451651,0.003467,0.422915,0.414912,UP
0.000442,5,0.659574,0.149634,0.459982,0.003467,0.422915,0.414912,UP
0.000442,5,0.680851,0.168338,0.472776,0.003467,0.422915,0.414912,UP
0.000442,5,0.702128,0.168338,0.511009,0.003467,0.422915,0.414912,UP
0.000442,5,0.723404,0.134622,0.567242,0.003467,0.422915,0.414912,UP
0.000442,5,0.744681,0.092951,0.619756,0.003467,0.422915,0.414912,DOWN
0.000442,5,0.765957,0.149634,0.592086,0.003467,0.422915,0.414912,UP
0.000442,5,0.787234,0.13093,0.573341,0.003467,0.422915,0.414912,UP
0.000442,5,0.808511,0.121713,0.528414,0.003467,0.422915,0.414912,DOWN
0.000442,5,0.829787,0.045214,0.504017,0.003467,0.422915,0.414912,DOWN
0.000442,5,0.851064,0.11874,0.480363,0.003467,0.422915,0.414912,DOWN
0.000442,5,0.87234,0.076498,0.464743,0.003467,0.422915,0.414912,DOWN
0.000442,5,0.893617,0.044134,0.423535,0.003467,0.422915,0.414912,DOWN
0.000442,5,0.914894,0.076498,0.378608,0.003467,0.422915,0.414912,DOWN
0.000442,5,0.93617,0.129248,0.43618,0.003467,0.422915,0.414912,UP
0.000442,5,0.957447,0.090759,0.464445,0.003467,0.422915,0.414912,DOWN
0.000442,5,0.978723,0.13093,0.489735,0.003467,0.422915,0.414912,UP
0.000442,5,1.0,0.121713,0.484231,0.003467,0.422915,0.414912,UP
0.000487,6,0.0,0.076498,0.478727,0.003467,0.422915,0.414912,DOWN
0.000487,6,0.021277,0.044224,0.447337,0.003467,0.422915,0.414912,DOWN
0.000487,6,0.042553,0.044073,0.412824,0.003467,0.422915,0.414912,DOWN
0.000487,6,0.06383,0.045214,0.339929,0.003467,0.422915,0.414912,DOWN
0.000487,6,0.085106,0.044104,0.280571,0.003467,0.422915,0.414912,DOWN
0.000487,6,0.106383,0.045214,0.227611,0.003467,0.422915,0.414912,DOWN
0.000487,6,0.12766,0.074877,0.185808,0.003467,0.422915,0.414912,DOWN
0.000487,6,0.148936,0.074877,0.153377,0.003467,0.422915,0.414912,DOWN
0.000487,6,0.170213,0.044104,0.132996,0.003467,0.422915,0.414912,DOWN
0.000487,6,0.191489,0.067311,0.123326,0.003467,0.422915,0.414912,DOWN
0.000487,6,0.212766,0.068302,0.126897,0.003467,0.422915,0.414912,DOWN
0.000487,6,0.234043,0.068302,0.141922,0.003467,0.422915,0.414912,DOWN
0.000487,6,0.255319,0.068302,0.171526,0.003467,0.422915,0.414912,DOWN
0.000487,6,0.276596,0.07932,0.209461,0.003467,0.422915,0.414912,DOWN
0.000487,6,0.297872,0.084364,0.254389,0.003467,0.422915,0.414912,DOWN
0.000487,6,0.319149,0.084364,0.328176,0.003467,0.422915,0.414912,DOWN
0.000487,6,0.340426,0.084364,0.394674,0.003467,0.422915,0.414912,DOWN
0.000487,6,0.361702,0.102978,0.431866,0.003467,0.422915,0.414912,DOWN
0.000487,6,0.382979,0.119731,0.468164,0.003467,0.422915,0.414912,UP
0.000487,6,0.404255,0.119731,0.468164,0.003467,0.422915,0.414912,UP
0.000487,6,0.425532,0.119731,0.453288,0.003467,0.422915,0.414912,UP
0.000487,6,0.446809,0.117029,0.435733,0.003467,0.422915,0.414912,UP
0.000487,6,0.468085,0.084544,0.420857,0.003467,0.422915,0.414912,DOWN
0.000487,6,0.489362,0.084364,0.405088,0.003467,0.422915,0.414912,DOWN
0.000487,6,0.510638,0.084364,0.395716,0.003467,0.422915,0.414912,DOWN
0.000487,6,0.531915,0.07932,0.379649,0.003467,0.422915,0.414912,DOWN
0.000487,6,0.553191,0.07932,0.368045,0.003467,0.422915,0.414912,DOWN
0.000487,6,0.574468,0.07932,0.355995,0.003467,0.422915,0.414912,DOWN
0.000487,6,0.595745,0.07932,0.347813,0.003467,0.422915,0.414912,DOWN
0.000487,6,0.617021,0.07932,0.336805,0.003467,0.422915,0.414912,DOWN
0.000487,6,0.638298,0.07932,0.338292,0.003467,0.422915,0.414912,DOWN
0.000487,6,0.659574,0.084364,0.344689,0.003467,0.422915,0.414912,DOWN
0.000487,6,0.680851,0.085895,0.356442,0.003467,0.422915,0.414912,DOWN
0.000487,6,0.702128,0.085895,0.405385,0.003467,0.422915,0.414912,DOWN
0.000487,6,0.723404,0.07932,0.467272,0.003467,0.422915,0.414912,DOWN
0.000487,6,0.744681,0.102258,0.536745,0.003467,0.422915,0.414912,UP
0.000487,6,0.765957,0.108262,0.53734,0.003467,0.422915,0.414912,UP
0.000487,6,0.787234,0.099045,0.507587,0.003467,0.422915,0.414912,UP
0.000487,6,0.808511,0.099045,0.462362,0.003467,0.422915,0.414912,UP
0.000487,6,0.829787,0.099045,0.424278,0.003467,0.422915,0.414912,UP
0.000487,6,0.851064,0.084364,0.400922,0.003467,0.422915,0.414912,UP
0.000487,6,0.87234,0.07932,0.378756,0.003467,0.422915,0.414912,DOWN
0.000487,6,0.893617,0.076168,0.347367,0.003467,0.422915,0.414912,DOWN
0.000487,6,0.914894,0.076168,0.316275,0.003467,0.422915,0.414912,DOWN
0.000487,6,0.93617,0.07932,0.35302,0.003467,0.422915,0.414912,DOWN
0.000487,6,0.957447,0.076168,0.365665,0.003467,0.422915,0.414912,DOWN
0.000487,6,0.978723,0.068302,0.381137,0.003467,0.422915,0.414912,DOWN
0.000487,6,1.0,0.045214,0.349003,0.003467,0.422915,0.414912,DOWN
0.000531,7,0.0,0.044224,0.335019,0.003467,0.422915,0.414912,DOWN
0.000531,7,0.021277,0.045214,0.290539,0.003467,0.422915,0.414912,DOWN
0.000531,7,0.042553,0.044104,0.264207,0.003467,0.422915,0.414912,DOWN
0.000531,7,0.06383,0.044104,0.211693,0.003467,0.422915,0.414912,DOWN
0.000531,7,0.085106,0.044104,0.171378,0.003467,0.422915,0.414912,DOWN
0.000531,7,0.106383,0.044104,0.1385,0.003467,0.422915,0.414912,DOWN
0.000531,7,0.12766,0.044104,0.112764,0.003467,0.422915,0.414912,DOWN
0.000531,7,0.148936,0.044104,0.090598,0.003467,0.422915,0.414912,DOWN
0.000531,7,0.170213,0.06518,0.081077,0.003467,0.422915,0.414912,DOWN
0.000531,7,0.191489,0.06518,0.073639,0.003467,0.422915,0.414912,DOWN
0.000531,7,0.212766,0.067311,0.081523,0.003467,0.422915,0.414912,DOWN
0.000531,7,0.234043,0.067311,0.089259,0.003467,0.422915,0.414912,DOWN
0.000531,7,0.255319,0.067311,0.112318,0.003467,0.422915,0.414912,DOWN
0.000531,7,0.276596,0.067311,0.131657,0.003467,0.422915,0.414912,DOWN
0.000531,7,0.297872,0.068302,0.15427,0.003467,0.422915,0.414912,DOWN
0.000531,7,0.319149,0.080731,0.207825,0.003467,0.422915,0.414912,UP
0.000531,7,0.340426,0.080731,0.268224,0.003467,0.422915,0.414912,UP
0.000531,7,0.361702,0.084064,0.315977,0.003467,0.422915,0.414912,UP
0.000531,7,0.382979,0.084064,0.365814,0.003467,0.422915,0.414912,UP
0.000531,7,0.404255,0.080731,0.387385,0.003467,0.422915,0.414912,UP
0.000531,7,0.425532,0.083824,0.385748,0.003467,0.422915,0.414912,UP
0.000531,7,0.446809,0.085895,0.370277,0.003467,0.422915,0.414912,UP
0.000531,7,0.468085,0.085895,0.354061,0.003467,0.422915,0.414912,UP
0.000531,7,0.489362,0.084064,0.33859,0.003467,0.422915,0.414912,UP
0.000531,7,0.510638,0.084064,0.327135,0.003467,0.422915,0.414912,UP
0.000531,7,0.531915,0.084064,0.311812,0.003467,0.422915,0.414912,UP
0.000531,7,0.553191,0.080731,0.292621,0.003467,0.422915,0.414912,UP
0.000531,7,0.574468,0.080731,0.275513,0.003467,0.422915,0.414912,UP
0.000531,7,0.595745,0.080731,0.261976,0.003467,0.422915,0.414912,UP
0.000531,7,0.617021,0.080731,0.249926,0.003467,0.422915,0.414912,UP
0.000531,7,0.638298,0.080731,0.259149,0.003467,0.422915,0.414912,UP
0.000531,7,0.659574,0.080731,0.26986,0.003467,0.422915,0.414912,UP
0.000531,7,0.680851,0.080731,0.292621,0.003467,0.422915,0.414912,UP
0.000531,7,0.702128,0.071664,0.349301,0.003467,0.422915,0.414912,DOWN
0.000531,7,0.723404,0.108262,0.418328,0.003467,0.422915,0.414912,UP
0.000531,7,0.744681,0.084064,0.491223,0.003467,0.422915,0.414912,UP
0.000531,7,0.765957,0.080731,0.505951,0.003467,0.422915,0.414912,UP
0.000531,7,0.787234,0.07932,0.478578,0.003467,0.422915,0.414912,UP
0.000531,7,0.808511,0.045214,0.461024,0.003467,0.422915,0.414912,DOWN
0.000531,7,0.829787,0.045214,0.431419,0.003467,0.422915,0.414912,DOWN
0.000531,7,0.851064,0.068302,0.407022,0.003467,0.422915,0.414912,DOWN
0.000531,7,0.87234,0.045214,0.389021,0.003467,0.422915,0.414912,DOWN
0.000531,7,0.893617,0.045214,0.352574,0.003467,0.422915,0.414912,DOWN
0.000531,7,0.914894,0.068302,0.313448,0.003467,0.422915,0.414912,DOWN
0.000531,7,0.93617,0.068302,0.340821,0.003467,0.422915,0.414912,DOWN
0.000531,7,0.957447,0.07932,0.352871,0.003467,0.422915,0.414912,UP
0.000531,7,0.978723,0.068302,0.35778,0.003467,0.422915,0.414912,DOWN
0.000531,7,1.0,0.044224,0.328622,0.003467,0.422915,0.414912,DOWN
0.000575,1,0.0,0.044104,0.322821,0.003467,0.422915,0.414912,DOWN
0.000575,1,0.021277,0.043983,0.287712,0.003467,0.422915,0.414912,DOWN
0.000575,1,0.042553,0.043983,0.264058,0.003467,0.422915,0.414912,DOWN
0.000575,1,0.06383,0.043983,0.225082,0.003467,0.422915,0.414912,DOWN
0.000575,1,0.085106,0.043833,0.184915,0.003467,0.422915,0.414912,DOWN
0.000575,1,0.106383,0.043833,0.153079,0.003467,0.422915,0.414912,DOWN
0.000575,1,0.12766,0.043833,0.136715,0.003467,0.422915,0.414912,DOWN
0.000575,1,0.148936,0.044104,0.119905,0.003467,0.422915,0.414912,DOWN
0.000575,1,0.170213,0.043833,0.12288,0.003467,0.422915,0.414912,DOWN
0.000575,1,0.191489,0.045515,0.126599,0.003467,0.422915,0.414912,DOWN
0.000575,1,0.212766,0.045515,0.15784,0.003467,0.422915,0.414912,DOWN
0.000575,1,0.234043,0.081122,0.207528,0.003467,0.422915,0.414912,UP
0.000575,1,0.255319,0.088507,0.301993,0.003467,0.422915,0.414912,UP
0.000575,1,0.276596,0.119731,0.407766,0.003467,0.422915,0.414912,UP
0.000575,1,0.297872,0.045214,0.433204,0.003467,0.422915,0.414912,DOWN
0.000575,1,0.319149,0.045515,0.496876,0.003467,0.422915,0.414912,DOWN
0.000575,1,0.340426,0.119731,0.5241,0.003467,0.422915,0.414912,UP
0.000575,1,0.361702,0.13105,0.523505,0.003467,0.422915,0.414912,UP
0.000575,1,0.382979,0.137294,0.558762,0.003467,0.422915,0.414912,UP
0.000575,1,0.404255,0.138675,0.572449,0.003467,0.422915,0.414912,UP
0.000575,1,0.425532,0.162093,0.558465,0.003467,0.422915,0.414912,UP
0.000575,1,0.446809,0.162093,0.533175,0.003467,0.422915,0.414912,UP
0.000575,1,0.468085,0.162093,0.524249,0.003467,0.422915,0.414912,UP
0.000575,1,0.489362,0.119731,0.517554,0.003467,0.422915,0.414912,UP
0.000575,1,0.510638,0.119731,0.505802,0.003467,0.422915,0.414912,UP
0.000575,1,0.531915,0.119731,0.494644,0.003467,0.422915,0.414912,UP
0.000575,1,0.553191,0.119731,0.49762,0.003467,0.422915,0.414912,UP
0.000575,1,0.574468,0.119731,0.487801,0.003467,0.422915,0.414912,UP
0.000575,1,0.595745,0.094272,0.475454,0.003467,0.422915,0.414912,UP
0.000575,1,0.617021,0.094272,0.46504,0.003467,0.422915,0.414912,UP
0.000575,1,0.638298,0.119731,0.461619,0.003467,0.422915,0.414912,UP
0.000575,1,0.659574,0.119731,0.469206,0.003467,0.422915,0.414912,UP
0.000575,1,0.680851,0.121713,0.484528,0.003467,0.422915,0.414912,UP
0.000575,1,0.702128,0.137294,0.52291,0.003467,0.422915,0.414912,UP
0.000575,1,0.723404,0.119731,0.603987,0.003467,0.422915,0.414912,UP
0.000575,1,0.744681,0.112526,0.677477,0.003467,0.422915,0.414912,UP
0.000575,1,0.765957,0.119731,0.6626,0.003467,0.422915,0.414912,UP
0.000575,1,0.787234,0.107001,0.627938,0.003467,0.422915,0.414912,UP
0.000575,1,0.808511,0.094272,0.580482,0.003467,0.422915,0.414912,UP
0.000575,1,0.829787,0.045515,0.562928,0.003467,0.422915,0.414912,DOWN
0.000575,1,0.851064,0.094272,0.530497,0.003467,0.422915,0.414912,UP
0.000575,1,0.87234,0.090759,0.50848,0.003467,0.422915,0.414912,UP
0.000575,1,0.893617,0.045515,0.461619,0.003467,0.422915,0.414912,DOWN
0.000575,1,0.914894,0.094272,0.41922,0.003467,0.422915,0.414912,UP
0.000575,1,0.93617,0.134622,0.458792,0.003467,0.422915,0.414912,UP
0.000575,1,0.957447,0.134622,0.463255,0.003467,0.422915,0.414912,UP
0.000575,1,0.978723,0.121713,0.476049,0.003467,0.422915,0.414912,UP
0.000575,1,1.0,0.121713,0.471288,0.003467,0.422915,0.414912,UP
0.000619,2,0.0,0.121652,0.472032,0.003467,0.422915,0.414912,UP
0.000619,2,0.021277,0.119731,0.456263,0.003467,0.422915,0.414912,UP
0.000619,2,0.042553,0.094272,0.430675,0.003467,0.422915,0.414912,DOWN
0.000619,2,0.06383,0.081122,0.371913,0.003467,0.422915,0.414912,DOWN
0.000619,2,0.085106,0.045214,0.312109,0.003467,0.422915,0.414912,DOWN
0.000619,2,0.106383,0.074877,0.261232,0.003467,0.422915,0.414912,DOWN
0.000619,2,0.12766,0.074877,0.221065,0.003467,0.422915,0.414912,DOWN
0.000619,2,0.148936,0.074877,0.185659,0.003467,0.422915,0.414912,DOWN
0.000619,2,0.170213,0.081122,0.170485,0.003467,0.422915,0.414912,DOWN
0.000619,2,0.191489,0.081122,0.165278,0.003467,0.422915,0.414912,DOWN
0.000619,2,0.212766,0.087366,0.19637,0.003467,0.422915,0.414912,DOWN
0.000619,2,0.234043,0.088387,0.246206,0.003467,0.422915,0.414912,DOWN
0.000619,2,0.255319,0.129248,0.340524,0.003467,0.422915,0.414912,UP
0.000619,2,0.276596,0.13105,0.448676,0.003467,0.422915,0.414912,UP
0.000619,2,0.297872,0.044224,0.471586,0.003467,0.422915,0.414912,DOWN
0.000619,2,0.319149,0.095773,0.541952,0.003467,0.422915,0.414912,DOWN
0.000619,2,0.340426,0.095773,0.563523,0.003467,0.422915,0.414912,DOWN
0.000619,2,0.361702,0.122703,0.555043,0.003467,0.422915,0.414912,UP
0.000619,2,0.382979,0.128438,0.584499,0.003467,0.422915,0.414912,UP
0.000619,2,0.404255,0.128438,0.59759,0.003467,0.422915,0.414912,UP
0.000619,2,0.425532,0.122703,0.574978,0.003467,0.422915,0.414912,UP
0.000619,2,0.446809,0.122703,0.546415,0.003467,0.422915,0.414912,UP
0.000619,2,0.468085,0.122703,0.522612,0.003467,0.422915,0.414912,UP
0.000619,2,0.489362,0.095773,0.521571,0.003467,0.422915,0.414912,DOWN
0.000619,2,0.510638,0.122703,0.510265,0.003467,0.422915,0.414912,UP
0.000619,2,0.531915,0.122703,0.500446,0.003467,0.422915,0.414912,UP
0.000619,2,0.553191,0.128438,0.495983,0.003467,0.422915,0.414912,UP
0.000619,2,0.574468,0.122703,0.490033,0.003467,0.422915,0.414912,UP
0.000619,2,0.595745,0.098625,0.479768,0.003467,0.422915,0.414912,DOWN
0.000619,2,0.617021,0.102558,0.467272,0.003467,0.422915,0.414912,DOWN
0.000619,2,0.638298,0.122703,0.458792,0.003467,0.422915,0.414912,UP
0.000619,2,0.659574,0.128438,0.476198,0.003467,0.422915,,UP
0.000619,2,0.680851,0.13105,0.493306,0.003467,0.422915,,UP
0.000619,2,0.702128,0.149634,0.523356,0.003467,0.422915,,UP
0.000619,2,0.723404,0.149634,0.61202,0.003467,0.422915,,UP
0.000619,2,0.744681,0.134652,0.6928,0.003467,0.422915,,UP
0.000619,2,0.765957,0.128438,0.684023,0.003467,0.422915,0.414912,UP
0.000619,2,0.787234,0.122703,0.651592,0.003467,0.422915,0.414912,UP
0.000619,2,0.808511,0.10523,0.61202,0.003467,0.422915,0.414912,DOWN
0.000619,2,0.829787,0.10523,0.583309,0.003467,0.422915,0.414912,DOWN
0.000619,2,0.851064,0.122703,0.566498,0.003467,0.422915,0.414912,UP
0.000619,2,0.87234,0.10523,0.541506,0.003467,0.422915,0.414912,DOWN
0.000619,2,0.893617,0.095773,,0.003467,0.422915,0.414912,DOWN
0.000619,2,0.914894,0.122703,0.440345,0.003467,0.422915,0.414912,UP
0.000619,2,0.93617,0.13105,0.48319,0.003467,0.422915,0.414912,UP
0.000619,2,0.957447,0.13105,0.489289,0.003467,0.422915,0.414912,UP
0.000619,2,0.978723,0.13105,0.494942,0.003467,0.422915,0.414912,UP
0.000619,2,1.0,0.122703,0.495091,0.003467,0.422915,0.414912,UP
0.000664,3,0.0,0.122703,0.491074,0.003467,0.422915,0.414912,UP
0.000664,3,0.021277,0.122703,0.4759,0.003467,0.422915,0.414912,UP
0.000664,3,0.042553,0.095773,0.455817,0.003467,0.422915,0.414912,DOWN
0.000664,3,0.06383,0.088387,0.394674,0.003467,0.422915,0.414912,DOWN
0.000664,3,0.085106,0.044224,0.335019,0.003467,0.422915,0.414912,DOWN
0.000664,3,0.106383,0.044224,0.291282,0.003467,0.422915,0.414912,DOWN
0.000664,3,0.12766,0.044224,0.241595,0.003467,0.422915,0.414912,DOWN
0.000664,3,0.148936,0.074877,0.212883,0.003467,0.422915,0.414912,DOWN
0.000664,3,0.170213,0.074877,0.195329,0.003467,0.422915,0.414912,DOWN
0.000664,3,0.191489,0.081122,0.190866,0.003467,0.422915,0.414912,DOWN
0.000664,3,0.212766,0.081122,0.22285,0.003467,0.422915,0.414912,DOWN
0.000664,3,0.234043,0.088387,0.276257,0.003467,0.422915,0.414912,DOWN
0.000664,3,0.255319,0.124835,0.377417,0.003467,0.422915,0.414912,UP
0.000664,3,0.276596,0.125706,0.493157,0.003467,0.422915,0.414912,UP
0.000664,3,0.297872,0.044224,0.511455,0.003467,0.422915,0.414912,DOWN
0.000664,3,0.319149,0.125706,0.590003,0.003467,0.422915,0.414912,UP
0.000664,3,0.340426,0.125706,0.613359,0.003467,0.422915,0.414912,UP
0.000664,3,0.361702,0.125706,0.594912,0.003467,0.422915,0.414912,UP
0.000664,3,0.382979,0.190165,0.616632,0.003467,0.422915,0.414912,UP
0.000664,3,0.404255,0.168338,0.624517,0.003467,0.422915,0.414912,UP
0.000664,3,0.425532,0.143539,0.602648,0.003467,0.422915,0.414912,UP
0.000664,3,0.446809,0.143539,0.571407,0.003467,0.422915,0.414912,UP
0.000664,3,0.468085,0.124835,0.548646,0.003467,0.422915,0.414912,UP
0.000664,3,0.489362,0.124835,0.538381,0.003467,0.422915,0.414912,UP
0.000664,3,0.510638,0.124835,0.523654,0.003467,0.422915,0.414912,UP
0.000664,3,0.531915,0.124835,0.507736,0.003467,0.422915,0.414912,UP
0.000664,3,0.553191,0.124835,0.500744,0.003467,0.422915,0.414912,UP
0.000664,3,0.574468,0.124835,0.489884,0.003467,0.422915,0.414912,UP
0.000664,3,0.595745,0.098775,0.483487,0.003467,0.422915,0.414912,DOWN
0.000664,3,0.617021,0.098775,0.476346,0.003467,0.422915,0.414912,DOWN
0.000664,3,0.638298,0.124835,0.464148,0.003467,0.422915,0.414912,UP
0.000664,3,0.659574,0.124835,0.476941,0.003467,0.422915,0.414912,UP
0.000664,3,0.680851,0.125706,0.491818,0.003467,0.422915,0.414912,UP
0.000664,3,0.702128,0.155878,0.535555,0.003467,0.422915,0.414912,UP
0.000664,3,0.723404,0.155878,0.622434,0.003467,0.422915,0.414912,UP
0.000664,3,0.744681,0.190165,0.703511,0.003467,0.422915,0.414912,UP
0.000664,3,0.765957,0.125706,0.701726,0.003467,0.422915,0.414912,UP
0.000664,3,0.787234,0.125706,0.674055,0.003467,0.422915,0.414912,UP
0.000664,3,0.808511,0.125706,0.63731,0.003467,0.422915,0.414912,UP
0.000664,3,0.829787,0.125706,0.60964,0.003467,0.422915,0.414912,UP
0.000664,3,0.851064,0.155878,0.588515,0.003467,0.422915,0.414912,UP
0.000664,3,0.87234,0.125706,0.56501,0.003467,0.422915,0.414912,UP
0.000664,3,0.893617,0.124835,0.508628,0.003467,0.422915,0.414912,UP
0.000664,3,0.914894,0.124835,0.455668,0.003467,0.422915,0.414912,UP
0.000664,3,0.93617,0.128498,0.487057,0.003467,0.422915,0.414912,UP
0.000664,3,0.957447,0.125706,0.495091,0.003467,0.422915,0.414912,UP
0.000664,3,0.978723,0.125706,0.507289,0.003467,0.422915,0.414912,UP
0.000664,3,1.0,0.125706,0.500893,0.003467,0.422915,0.414912,UP
0.000708,4,0.0,0.125706,0.495091,0.003467,0.422915,0.414912,UP
0.000708,4,0.021277,0.125706,0.476793,0.003467,0.422915,0.414912,UP
0.000708,4,0.042553,0.106761,0.448676,0.003467,0.422915,0.414912,DOWN
0.000708,4,0.06383,0.098775,0.386195,0.003467,0.422915,0.414912,DOWN
0.000708,4,0.085106,0.081122,0.328771,0.003467,0.422915,0.414912,DOWN
0.000708,4,0.106383,0.081122,0.282952,0.003467,0.422915,0.414912,DOWN
0.000708,4,0.12766,0.081122,0.23371,0.003467,0.422915,0.414912,DOWN
0.000708,4,0.148936,0.081122,0.195775,0.003467,0.422915,0.414912,DOWN
0.000708,4,0.170213,0.044043,0.175989,0.003467,0.422915,0.414912,DOWN
0.000708,4,0.191489,0.044043,0.178816,0.003467,0.422915,0.414912,DOWN
0.000708,4,0.212766,0.044104,0.207081,0.003467,0.422915,0.414912,DOWN
0.000708,4,0.234043,0.081122,0.256471,0.003467,0.422915,0.414912,DOWN
0.000708,4,0.255319,0.119611,0.365665,0.003467,0.422915,0.414912,UP
0.000708,4,0.276596,0.124204,0.475454,0.003467,0.422915,0.414912,UP
0.000708,4,0.297872,0.044224,0.502678,0.003467,0.422915,0.414912,DOWN
0.000708,4,0.319149,0.124204,0.567837,0.003467,0.422915,0.414912,UP
0.000708,4,0.340426,0.124204,0.58078,0.003467,0.422915,0.414912,UP
0.000708,4,0.361702,0.124204,0.564118,0.003467,0.422915,0.414912,UP
0.000708,4,0.382979,0.124204,0.582267,0.003467,0.422915,0.414912,UP
0.000708,4,0.404255,0.095773,0.586879,0.003467,0.422915,0.414912,DOWN
0.000708,4,0.425532,0.095773,0.564713,0.003467,0.422915,0.414912,DOWN
0.000708,4,0.446809,0.095773,0.531836,0.003467,0.422915,0.414912,DOWN
0.000708,4,0.468085,0.095773,0.511604,0.003467,0.422915,0.414912,DOWN
0.000708,4,0.489362,0.044224,0.500893,0.003467,0.422915,0.414912,DOWN
0.000708,4,0.510638,0.044134,0.48914,0.003467,0.422915,0.414912,DOWN
0.000708,4,0.531915,0.044134,0.471883,0.003467,0.422915,0.414912,DOWN
0.000708,4,0.553191,0.044134,0.465338,0.003467,0.422915,0.414912,DOWN
0.000708,4,0.574468,0.044104,0.461916,0.003467,0.422915,0.414912,DOWN
0.000708,4,0.595745,0.044104,0.455668,0.003467,0.422915,0.414912,DOWN
0.000708,4,0.617021,0.044104,0.445552,0.003467,0.422915,0.414912,DOWN
0.000708,4,0.638298,0.044104,0.439899,0.003467,0.422915,0.414912,DOWN
0.000708,4,0.659574,0.044104,0.451949,0.003467,0.422915,0.414912,DOWN
0.000708,4,0.680851,0.044134,0.465338,0.003467,0.422915,0.414912,DOWN
0.000708,4,0.702128,0.044134,0.497917,0.003467,0.422915,0.414912,DOWN
0.000708,4,0.723404,0.095773,0.587474,0.003467,0.422915,0.414912,UP
0.000708,4,0.744681,0.124204,0.656501,0.003467,0.422915,0.414912,UP
0.000708,4,0.765957,0.095773,0.653972,0.003467,0.422915,0.414912,UP
0.000708,4,0.787234,0.044224,0.638352,0.003467,0.422915,0.414912,DOWN
0.000708,4,0.808511,0.044134,0.600268,0.003467,0.422915,0.414912,DOWN
0.000708,4,0.829787,0.044104,0.572895,0.003467,0.422915,0.414912,DOWN
0.000708,4,0.851064,0.044134,0.55177,0.003467,0.422915,0.414912,DOWN
0.000708,4,0.87234,0.044134,0.528563,0.003467,0.422915,0.414912,DOWN
0.000708,4,0.893617,0.044104,0.478727,0.003467,0.422915,0.414912,DOWN
0.000708,4,0.914894,0.044104,0.426659,0.003467,0.422915,0.414912,DOWN
0.000708,4,0.93617,0.124204,0.472925,0.003467,0.422915,0.414912,UP
0.000708,4,0.957447,0.044134,0.485421,0.003467,0.422915,0.414912,DOWN
0.000708,4,0.978723,0.044134,0.497471,0.003467,0.422915,0.414912,DOWN
0.000708,4,1.0,0.044134,0.492264,0.003467,0.422915,0.414912,DOWN
0.000752,5,0.0,0.095773,0.47828,0.003467,0.422915,0.414912,UP
0.000752,5,0.021277,0.044134,0.457007,0.003467,0.422915,0.414912,DOWN
0.000752,5,0.042553,0.044104,0.435138,0.003467,0.422915,0.414912,DOWN
0.000752,5,0.06383,0.044104,0.373996,0.003467,0.422915,0.414912,DOWN
0.000752,5,0.085106,0.044104,0.317763,0.003467,0.422915,0.414912,DOWN
0.000752,5,0.106383,0.044104,0.276406,0.003467,0.422915,0.414912,DOWN
0.000752,5,0.12766,0.044104,0.23133,0.003467,0.422915,0.414912,DOWN
0.000752,5,0.148936,0.044104,0.201577,0.003467,0.422915,0.414912,DOWN
0.000752,5,0.170213,0.044104,0.182386,0.003467,0.422915,0.414912,DOWN
0.000752,5,0.191489,0.081122,0.182237,0.003467,0.422915,0.414912,UP
0.000752,5,0.212766,0.081122,0.204255,0.003467,0.422915,0.414912,UP
0.000752,5,0.234043,0.087366,0.256769,0.003467,0.422915,0.414912,UP
0.000752,5,0.255319,0.124204,0.355995,0.003467,0.422915,0.414912,UP
0.000752,5,0.276596,0.124204,0.458941,0.003467,0.422915,0.414912,UP
0.000752,5,0.297872,0.095473,0.493454,0.003467,0.422915,0.414912,UP
0.000752,5,0.319149,0.124204,0.561291,0.003467,0.422915,0.414912,UP
0.000752,5,0.340426,0.095473,0.580036,0.003467,0.422915,0.414912,UP
0.000752,5,0.361702,0.095473,0.567539,0.003467,0.422915,0.414912,UP
0.000752,5,0.382979,0.124204,0.591044,0.003467,0.422915,0.414912,UP
0.000752,5,0.404255,0.095473,0.589705,0.003467,0.422915,0.414912,UP
0.000752,5,0.425532,0.095473,0.567093,0.003467,0.422915,0.414912,UP
0.000752,5,0.446809,0.083103,0.542398,0.003467,0.422915,0.414912,UP
0.000752,5,0.468085,0.095473,0.52053,0.003467,0.422915,0.414912,UP
0.000752,5,0.489362,0.095473,0.514877,0.003467,0.422915,0.414912,UP
0.000752,5,0.510638,0.044224,0.503273,0.003467,0.422915,0.414912,DOWN
0.000752,5,0.531915,0.044224,0.490777,0.003467,0.422915,0.414912,DOWN
0.000752,5,0.553191,0.044224,0.479768,0.003467,0.422915,0.414912,DOWN
0.000752,5,0.574468,0.044224,0.470693,0.003467,0.422915,0.414912,DOWN
0.000752,5,,0.044224,0.461321,0.003467,0.422915,0.414912,DOWN
0.000752,5,0.617021,0.044224,0.448378,0.003467,0.422915,0.414912,DOWN
0.000752,5,0.638298,0.044224,0.438709,0.003467,0.422915,0.414912,DOWN
0.000752,5,0.659574,0.044224,0.445403,0.003467,0.422915,0.414912,DOWN
0.000752,5,0.680851,0.049628,0.458941,0.003467,0.422915,0.414912,DOWN
0.000752,5,0.702128,0.095473,0.488545,0.003467,0.422915,0.414912,UP
0.000752,5,0.723404,0.124204,0.566201,0.003467,0.422915,0.414912,UP
0.000752,5,0.744681,0.124204,0.625707,0.003467,0.422915,0.414912,UP
0.000752,5,0.765957,0.124234,0.613657,0.003467,0.422915,0.414912,UP
0.000752,5,0.787234,0.095473,0.588069,0.003467,0.422915,0.414912,UP
0.000752,5,0.808511,0.044224,0.54582,0.003467,0.422915,0.414912,DOWN
0.000752,5,0.829787,0.044134,0.508331,0.003467,0.422915,0.414912,DOWN
0.000752,5,0.851064,0.095473,0.500298,0.003467,0.422915,0.414912,UP
0.000752,5,0.87234,0.095473,0.480661,0.003467,0.422915,0.414912,UP
0.000752,5,0.893617,0.044224,0.443618,0.003467,0.422915,0.414912,DOWN
0.000752,5,0.914894,0.10535,0.399732,0.003467,0.422915,0.414912,UP
0.000752,5,0.93617,0.161553,0.450461,0.003467,0.422915,0.414912,UP
0.000752,5,0.957447,0.124204,0.467272,0.003467,0.422915,0.414912,UP
0.000752,5,0.978723,0.132491,0.487206,0.003467,0.422915,0.414912,UP
0.000752,5,1.0,0.124204,0.485272,0.003467,0.422915,0.414912,UP
0.000796,6,0.0,0.124204,0.475454,0.003467,0.422915,0.414912,UP
0.000796,6,0.021277,0.124204,0.453436,0.003467,0.422915,0.414912,UP
0.000796,6,0.042553,0.107962,0.424576,0.003467,0.422915,0.414912,UP
0.000796,6,0.06383,0.10535,0.361648,0.003467,0.422915,0.414912,UP
0.000796,6,0.085106,0.090249,0.299018,0.003467,0.422915,0.414912,UP
0.000796,6,0.106383,0.081122,0.248289,0.003467,0.422915,0.414912,DOWN
0.000796,6,0.12766,0.074877,0.203957,0.003467,0.422915,0.414912,DOWN
0.000796,6,0.148936,0.074877,0.164683,0.003467,0.422915,0.414912,DOWN
0.000796,6,0.170213,0.081122,0.140434,0.003467,0.422915,0.414912,DOWN
0.000796,6,0.191489,0.081122,0.128979,0.003467,0.422915,0.414912,DOWN
0.000796,6,0.212766,0.076018,0.135079,0.003467,0.422915,0.414912,DOWN
0.000796,6,0.234043,0.081122,0.150104,0.003467,0.422915,0.414912,DOWN
0.000796,6,0.255319,0.081122,0.193246,0.003467,0.422915,0.414912,DOWN
0.000796,6,0.276596,0.090429,0.230735,0.003467,0.422915,0.414912,UP
0.000796,6,0.297872,0.090939,0.281464,0.003467,0.422915,0.414912,UP
0.000796,6,0.319149,0.122703,0.366706,0.003467,0.422915,0.414912,UP
0.000796,6,0.340426,0.137174,0.436328,0.003467,0.422915,0.414912,UP
0.000796,6,0.361702,0.137174,0.47352,0.003467,0.422915,0.414912,UP
0.000796,6,0.382979,0.156989,0.505207,0.003467,0.422915,0.414912,UP
0.000796,6,0.404255,0.156989,0.499107,0.003467,0.422915,0.414912,UP
0.000796,6,0.425532,0.156989,0.466528,0.003467,0.422915,0.414912,UP
0.000796,6,0.446809,0.137174,0.439304,0.003467,0.422915,0.414912,UP
0.000796,6,0.468085,0.137174,0.411336,0.003467,0.422915,0.414912,UP
0.000796,6,0.489362,0.122703,0.387385,0.003467,0.422915,0.414912,UP
0.000796,6,0.510638,0.122703,0.365367,0.003467,0.422915,0.414912,UP
0.000796,6,0.531915,0.122703,0.350342,0.003467,0.422915,0.414912,UP
0.000796,6,0.553191,0.090939,0.335168,0.003467,0.422915,0.414912,DOWN
0.000796,6,0.574468,0.090939,0.308242,0.003467,0.422915,0.414912,DOWN
0.000796,6,,0.090939,0.30125,0.003467,0.422915,0.414912,DOWN
0.000796,6,0.617021,0.102978,0.297382,0.003467,0.422915,0.414912,UP
0.000796,6,0.638298,0.099526,0.300357,0.003467,0.422915,0.414912,DOWN
0.000796,6,0.659574,0.100997,0.311961,0.003467,0.422915,0.414912,DOWN
0.000796,6,0.680851,0.122703,0.332639,0.003467,0.422915,0.414912,UP
0.000796,6,0.702128,0.145851,0.390509,0.003467,0.422915,0.414912,UP
0.000796,6,0.723404,0.209109,0.47114,0.003467,0.422915,0.414912,UP
0.000796,6,0.744681,0.209109,0.55787,0.003467,0.422915,0.414912,UP
0.000796,6,0.765957,0.15759,0.559655,0.003467,0.422915,0.414912,UP
0.000796,6,0.787234,0.122703,0.533472,0.003467,0.422915,0.414912,UP
0.000796,6,0.808511,0.137174,0.494644,0.003467,0.422915,0.414912,UP
0.000796,6,0.829787,0.122703,0.458346,0.003467,0.422915,0.414912,UP
0.000796,6,0.851064,0.090939,0.429634,0.003467,0.422915,0.414912,DOWN
0.000796,6,0.87234,0.090068,0.405088,0.003467,0.422915,0.414912,DOWN
0.000796,6,0.893617,0.090939,0.373847,0.003467,0.422915,0.414912,DOWN
0.000796,6,0.914894,0.102978,0.339036,0.003467,0.422915,0.414912,DOWN
0.000796,6,0.93617,0.102978,0.36983,0.003467,0.422915,0.414912,DOWN
0.000796,6,0.957447,0.102978,0.375632,0.003467,0.422915,0.414912,DOWN
0.000796,6,0.978723,0.122703,0.392443,0.003467,0.422915,0.414912,UP
0.000796,6,1.0,0.102978,0.371169,0.003467,0.422915,0.414912,DOWN
0.000841,7,0.0,0.090219,0.353169,0.003467,0.422915,0.414912,DOWN
0.000841,7,0.021277,0.090939,0.304671,0.003467,0.422915,0.414912,DOWN
0.000841,7,0.042553,0.083644,0.276555,0.003467,0.422915,0.414912,DOWN
0.000841,7,0.06383,0.083644,0.227016,0.003467,0.422915,0.414912,DOWN
0.000841,7,0.085106,0.083644,0.185361,0.003467,0.422915,0.414912,DOWN
0.000841,7,0.106383,0.081122,0.151294,0.003467,0.422915,0.414912,DOWN
0.000841,7,0.12766,0.081122,0.12526,0.003467,0.422915,0.414912,DOWN
0.000841,7,0.148936,0.076618,0.101904,0.003467,0.422915,0.414912,DOWN
0.000841,7,0.170213,0.076018,0.090152,0.003467,0.422915,0.414912,DOWN
0.000841,7,0.191489,0.076018,0.085094,0.003467,0.422915,0.414912,DOWN
0.000841,7,0.212766,0.081122,0.090598,0.003467,0.422915,0.414912,DOWN
0.000841,7,0.234043,0.081122,0.100565,0.003467,0.422915,0.414912,DOWN
0.000841,7,0.255319,0.081122,0.123178,0.003467,0.422915,0.414912,DOWN
0.000841,7,0.276596,0.081962,0.147873,0.003467,0.422915,0.414912,DOWN
,7,0.297872,0.083884,0.175841,0.003467,0.422915,0.414912,DOWN
,7,0.319149,0.083884,0.23371,0.003467,0.422915,0.414912,DOWN
0.000841,7,0.340426,0.089798,0.292472,0.003467,0.422915,0.414912,DOWN
,7,0.361702,0.117029,0.341267,0.003467,0.422915,0.414912,UP
,7,0.382979,0.122703,0.385004,0.003467,0.422915,0.414912,UP
0.000841,7,0.404255,0.122703,0.396608,0.003467,0.422915,0.414912,UP
,7,0.425532,0.122703,0.383814,0.003467,0.422915,0.414912,UP
0.000841,7,0.446809,0.122703,0.366558,0.003467,0.422915,0.414912,UP
0.000841,7,0.468085,0.122703,0.348111,0.003467,0.422915,0.414912,UP
0.000841,7,0.489362,0.102978,0.329515,0.003467,0.422915,0.414912,DOWN
0.000841,7,0.510638,0.089798,0.312258,0.003467,0.422915,0.414912,DOWN
0.000841,7,0.531915,0.087426,0.29515,0.003467,0.422915,0.414912,DOWN
0.000841,7,0.553191,0.087426,0.274026,0.003467,0.422915,0.414912,DOWN
0.000841,7,0.574468,0.087426,0.254686,0.003467,0.422915,0.414912,DOWN
0.000841,7,0.595745,0.083884,0.240405,0.003467,0.422915,0.414912,DOWN
0.000841,7,0.617021,0.083884,0.229694,0.003467,0.422915,0.414912,DOWN
0.000841,7,0.638298,0.083884,0.234157,0.003467,0.422915,0.414912,DOWN
0.000841,7,0.659574,0.087426,0.245611,0.003467,0.422915,0.414912,DOWN
0.000841,7,0.680851,0.089798,0.270009,0.003467,0.422915,0.414912,DOWN
0.000841,7,0.702128,0.13192,0.32892,0.003467,0.422915,0.414912,UP
0.000841,7,0.723404,0.156989,0.430824,0.003467,0.422915,0.414912,UP
0.000841,7,0.744681,0.15759,0.517406,0.003467,0.422915,0.414912,UP
0.000841,7,0.765957,0.15759,0.533472,0.003467,0.422915,0.414912,UP
0.000841,7,0.787234,0.122703,0.521571,0.003467,0.422915,0.414912,UP
0.000841,7,0.808511,0.13093,0.497173,0.003467,0.422915,0.414912,UP
0.000841,7,0.829787,0.122703,0.469206,0.003467,0.422915,0.414912,UP
0.000841,7,0.851064,0.13093,0.453436,0.003467,0.422915,0.414912,UP
0.000841,7,0.87234,0.126606,0.436626,0.003467,0.422915,0.414912,UP
0.000841,7,0.893617,0.122703,0.394972,0.003467,0.422915,0.414912,UP
0.000841,7,0.914894,0.122703,0.349598,0.003467,0.422915,0.414912,UP
0.000841,7,0.93617,0.117029,0.371616,0.003467,0.422915,0.414912,UP
0.000841,7,0.957447,0.122703,0.370723,0.003467,0.422915,0.414912,UP
0.000841,7,0.978723,0.122703,0.378161,0.003467,0.422915,0.414912,UP
0.000841,7,1.0,0.102978,0.354508,0.003467,0.422915,0.414912,DOWN
0.000885,1,0.0,0.087426,0.342011,0.003467,0.422915,0.414912,DOWN
0.000885,1,0.021277,0.087426,0.304374,0.003467,0.422915,0.414912,DOWN
0.000885,1,0.042553,0.087426,0.289497,0.003467,0.422915,0.414912,DOWN
0.000885,1,0.06383,0.083884,0.246802,0.003467,0.422915,0.414912,DOWN
0.000885,1,0.085106,0.081962,0.210205,0.003467,0.422915,0.414912,DOWN
0.000885,1,0.106383,0.081962,0.18313,0.003467,0.422915,0.414912,DOWN
0.000885,1,0.12766,0.081122,0.163047,0.003467,0.422915,0.414912,DOWN
0.000885,1,0.148936,0.081122,0.144749,0.003467,0.422915,0.414912,DOWN
0.000885,1,0.170213,0.087366,0.143856,0.003467,0.422915,0.414912,DOWN
0.000885,1,0.191489,0.09238,0.152633,0.003467,0.422915,0.414912,DOWN
0.000885,1,0.212766,0.093611,0.185808,0.003467,0.422915,0.414912,DOWN
0.000885,1,0.234043,0.122703,0.244421,0.003467,0.422915,0.414912,UP
0.000885,1,0.255319,0.126216,0.345879,0.003467,0.422915,0.414912,UP
0.000885,1,0.276596,0.218266,0.459238,0.003467,0.422915,0.414912,UP
0.000885,1,0.297872,0.155878,,0.003467,0.422915,0.414912,UP
0.000885,1,0.319149,0.21073,0.572449,0.003467,0.422915,0.414912,UP
0.000885,1,0.340426,0.21031,0.594615,0.003467,0.422915,0.414912,UP
0.000885,1,0.361702,0.218266,0.587028,0.003467,0.422915,0.414912,UP
0.000885,1,0.382979,0.299327,0.610086,0.003467,0.422915,0.414912,UP
0.000885,1,0.404255,0.243215,0.615442,0.003467,0.422915,0.414912,UP
0.000885,1,0.425532,0.229014,0.599821,0.003467,0.422915,0.414912,UP
0.000885,1,0.446809,0.229014,0.566944,0.003467,0.422915,0.414912,UP
0.000885,1,0.468085,0.224481,0.547159,0.003467,0.422915,0.414912,UP
0.000885,1,0.489362,0.224481,0.540315,0.003467,0.422915,0.414912,UP
0.000885,1,0.510638,0.21073,0.5241,0.003467,0.422915,0.414912,UP
0.000885,1,0.531915,0.209109,0.510711,0.003467,0.422915,0.414912,UP
0.000885,1,0.553191,0.209109,0.502083,0.003467,0.422915,0.414912,UP
0.000885,1,0.574468,0.202714,,0.003467,0.422915,0.414912,UP
0.000885,1,0.595745,0.21073,0.479619,0.003467,0.422915,0.414912,UP
0.000885,1,0.617021,0.21073,0.474264,0.003467,0.422915,0.414912,UP
0.000885,1,0.638298,0.204275,0.46623,0.003467,0.422915,0.414912,UP
0.000885,1,0.659574,0.21073,0.476049,0.003467,0.422915,0.414912,UP
0.000885,1,0.680851,0.217335,0.498215,0.003467,0.422915,0.414912,UP
0.000885,1,0.702128,0.229014,0.558316,0.003467,0.422915,0.414912,UP
0.000885,1,0.723404,0.294584,0.652187,0.003467,0.422915,0.414912,UP
0.000885,1,0.744681,0.298277,0.720173,0.003467,0.422915,0.414912,UP
0.000885,1,0.765957,0.228654,0.707974,0.003467,0.422915,0.414912,UP
0.000885,1,0.787234,0.229014,0.670485,0.003467,0.422915,0.414912,UP
0.000885,1,0.808511,0.224481,0.634037,0.003467,0.422915,0.414912,UP
0.000885,1,0.829787,0.189204,0.610086,0.003467,0.422915,0.414912,UP
