a1cx,a1cy,b2x,b2y,a2pop,a3pop,temp,mxql,binaryClass
-0.102111,-0.193977,-0.385334,0.257042,7.188886,15.12816,0.671618,8,N
0.373578,-0.425602,0.2895,0.234217,2.028584,2.85618,0.569577,5,P
0.385361,0.10834,-0.048971,-0.147634,4.073232,3.616225,0.126882,6,N
0.316211,-0.134321,0.080048,0.036333,0.360257,1.069743,0.807717,8,P
0.007116,0.295712,0.007483,-0.456627,0.07203,0.968635,0.188453,7,P
0.36613,0.363605,-0.200576,0.176573,9.935666,1.860283,0.814479,6,N
-0.093119,-0.390041,0.046167,-0.446617,1.732547,4.0203,0.842864,6,P
0.339518,0.48181,0.38399,-0.296895,1.480749,5.089209,0.338931,5,N
0.101106,-0.045147,-0.159791,0.264757,4.420638,0.744186,0.729389,7,P
0.350144,0.083891,0.149193,-0.362766,0.027632,1.079095,0.711124,8,P
-0.01942,0.449999,0.31253,0.205283,9.341137,0.670166,0.638305,5,N
-0.185726,-0.151874,0.219358,0.465814,7.003263,6.866083,0.776597,8,N
-0.204264,0.1783,0.420034,0.495341,4.255686,3.216722,0.406159,8,N
-0.382686,0.245759,-0.077422,-0.131272,4.247333,5.331848,0.636844,6,N
-0.283403,0.452307,0.484202,-0.168472,1.925906,0.040204,,7,P
-0.047994,-0.223132,-0.250457,-0.389985,0.36291,0.163468,0.623968,6,P
0.197808,0.217762,0.427363,-0.260208,2.496633,2.158898,0.668119,6,P
-0.167292,-0.499718,0.13691,0.070242,2.43674,0.376675,0.702087,5,P
0.366807,-0.341985,0.320992,-0.259174,9.167674,8.593205,0.247677,7,N
0.334049,-0.472449,-0.129682,0.338876,2.164862,8.313493,0.640132,8,N
0.390571,-0.060979,-0.477323,-0.073481,9.257957,14.805977,0.715781,8,N
0.10495,0.426869,0.096682,0.019721,0.250424,3.166411,0.681261,7,P
-0.147034,-0.307275,0.480487,-0.336127,3.986536,2.995441,0.742523,7,P
0.419136,-0.096576,-0.493148,0.408153,0.218394,9.424446,0.471557,7,N
0.303751,0.448241,0.278653,0.488503,0.07364,6.202247,0.867571,7,P
-0.158242,-0.145725,-0.03349,-0.457704,3.593601,2.499985,0.39407,7,N
0.004029,0.414583,0.468224,0.084628,1.291934,1.194606,0.296197,7,P
-0.354853,0.088915,0.243674,-0.183298,6.590696,0.871226,0.541852,6,N
-0.103837,-0.060555,-0.028464,-0.481954,1.196913,0.051008,0.414221,5,P
0.428268,0.247435,0.190118,-0.023102,0.541538,1.755421,0.671251,8,P
-0.155287,0.126401,0.397628,-0.088331,5.51377,10.12245,0.37025,7,N
-0.477235,-0.476812,0.078047,0.329986,0.332996,7.424853,0.780092,8,N
-0.148063,-0.110492,-0.355003,0.355727,1.300682,0.293228,0.516916,7,P
0.042743,0.167979,-0.328858,0.330779,0.46069,0.813368,0.856525,5,P
-0.25489,0.377032,0.452278,0.19478,4.970861,2.559945,0.474811,5,N
0.398361,-0.309463,0.498344,0.198052,2.820201,3.950382,0.486077,7,N
0.121941,-0.178892,0.172285,-0.462555,2.284648,2.640706,0.207884,7,P
0.376486,-0.059361,0.309315,0.342257,4.148214,6.112664,0.894345,7,N
0.476476,0.414008,0.261853,0.292121,0.619272,0.161588,0.158687,-9999999,P
-0.282169,-0.262193,0.073037,0.138149,2.451564,1.175842,0.881602,5,P
-0.159082,0.091644,-0.185974,-0.299618,1.736921,4.956242,0.782108,8,N
-0.420689,-0.354283,-0.050685,-0.379151,0.200464,0.015467,0.800349,8,P
-0.490822,0.495036,-0.299396,-0.139483,1.644756,4.877203,0.656217,6,N
0.057815,-0.271687,-0.384738,-0.411118,0.284053,2.27602,0.678456,6,P
0.076644,-0.408844,-0.276722,-0.291482,7.202299,2.270091,0.446821,8,N
-0.429039,-0.293254,0.408642,0.158752,4.812473,2.028817,0.374,5,N
0.19658,0.064367,-0.47735,-0.140039,5.069298,0.467255,0.282215,7,N
-0.458768,0.03628,-0.074317,0.248452,5.186254,2.382083,0.593179,6,N
0.318321,-0.218964,0.350057,-0.442378,2.973529,1.844515,0.642533,7,P
0.405112,-0.418549,0.244336,-0.19178,0.905298,0.962119,0.935712,8,P
0.333508,-0.102351,-0.329003,0.079448,1.3606,3.320235,0.553302,6,P
0.442196,0.266254,-0.354449,-0.210422,0.302735,0.30171,0.783777,8,P
-0.339322,-0.068888,0.369626,-0.435834,8.205858,3.175912,0.711592,8,N
0.104331,-0.04188,-0.271389,-0.353779,1.21888,7.914449,0.79671,6,N
-0.152973,0.331893,-0.183197,-0.313018,2.627374,2.693143,0.56323,5,P
0.488702,-0.082498,-0.099927,-0.277763,2.809995,6.629293,0.435438,8,N
-0.39824,0.131413,0.288443,0.02094,0.723639,1.438804,0.709215,8,P
0.215639,0.1823,-0.434203,-0.360572,0.327077,1.959999,0.742077,8,P
-0.184845,-0.373604,0.101883,0.264811,2.065948,4.051005,0.651758,6,N
-0.066416,0.41309,-0.265594,-0.078501,3.243537,1.826434,0.76874,8,P
0.342638,-0.275038,-0.259258,-0.483185,7.11481,2.928623,0.76719,6,N
-0.315462,-0.261153,-0.011032,-0.347969,6.584869,0.117494,0.750432,5,P
-0.060299,-0.491147,-0.084517,-0.199054,0.807326,3.004509,0.629451,8,P
0.480043,0.137282,-0.451975,0.213587,3.270702,1.890255,0.676259,5,P
0.226834,-0.436277,0.149418,0.155148,1.984266,7.33493,0.390639,6,N
-0.172692,0.086441,0.308036,-0.414119,3.612804,5.200235,0.735651,8,N
0.390854,0.010747,-0.245454,-0.2113,3.847632,0.053878,0.411089,5,P
-0.4071,0.167423,-0.06782,0.100827,4.108809,2.180885,0.403655,6,P
0.168354,0.085003,-0.262095,-0.399446,2.329364,5.398107,0.214534,7,N
-0.36726,-0.039639,0.339871,0.406919,0.269341,1.727579,0.731521,7,P
-0.080647,-0.480871,-0.056875,0.427646,2.067346,4.469856,0.159482,7,N
0.377473,0.042157,-0.443517,-0.24562,0.321352,8.350166,0.699156,6,N
0.228465,0.081504,0.433163,-0.070289,4.770358,7.173565,0.536842,6,N
0.104918,-0.25224,0.264217,0.367818,5.278111,1.257584,0.961029,6,P
-0.418001,0.364435,0.094917,-0.067391,0.334715,1.261947,0.765772,8,P
-0.073772,-0.481581,0.479091,0.310878,12.960645,5.164316,0.512654,5,N
0.213808,0.119237,-0.404345,0.042971,1.909828,0.940662,0.610355,7,P
-0.484822,0.213134,0.08034,0.393134,1.611954,11.637274,0.611787,7,N
0.156427,0.202019,0.055128,-0.070106,2.024997,1.720931,0.579362,5,P
-0.334392,-0.414114,0.387901,-0.08137,5.94134,5.875725,0.807533,6,N
0.07382,-0.108021,0.453707,0.358555,2.99491,0.899343,0.590436,7,P
0.480621,-0.485236,-0.363212,0.261824,2.884278,1.423723,0.807516,6,P
-0.16341,-0.341616,,-0.316125,3.812983,0.349641,0.764788,5,P
0.318089,0.252974,0.241985,0.02392,4.067655,1.870271,0.686147,8,P
0.284921,0.397068,0.349405,-0.368916,0.133593,6.240584,0.891704,7,P
0.499868,0.24389,-0.056246,-0.186896,2.135483,2.92145,0.230669,5,N
0.414338,0.254947,0.211284,-0.427432,8.793123,1.909713,0.324446,6,N
-0.223736,-0.276368,-0.487926,0.10389,0.542293,2.972299,0.517848,6,P
0.298619,-0.130452,0.26336,-0.007112,5.297998,7.906304,0.837589,6,N
0.353683,-0.311727,0.040552,-0.313942,3.864538,3.508112,0.602164,7,N
-0.041672,-0.426083,0.078245,0.205493,0.2129,3.48263,0.890626,8,P
-0.0711,-0.234775,0.230457,-0.154374,1.66474,3.46461,0.654699,7,P
0.283291,0.442815,-0.286436,0.286574,2.325123,1.019473,0.415095,6,P
-0.458617,0.281956,0.238383,-0.294356,4.198712,4.186231,0.783972,8,N
-0.41153,0.478993,0.43524,-0.077066,2.423419,3.726223,0.662854,7,P
-0.2886,0.049513,-0.170652,0.11942,1.127256,2.444249,0.577481,6,P
0.327148,0.173704,0.175036,-0.206116,3.120578,4.907879,0.607404,7,N
-0.281197,0.208013,0.419414,-0.306681,8.000968,3.33443,0.81745,5,N
-0.320598,-0.078276,-0.419596,0.207586,3.742502,1.176898,0.53882,6,P
-0.050889,-0.422328,0.015905,0.33243,0.953392,11.001185,0.443055,7,N
-0.05427,0.135509,-0.271329,-0.125923,14.140276,3.035704,0.513986,6,N
-0.478687,0.16037,-0.434902,-0.315666,6.261265,2.021831,0.844861,5,N
0.089416,-0.02366,0.350052,-0.314151,1.364464,2.720264,0.438023,5,P
0.393353,-0.137869,0.441496,0.010688,0.073937,0.570362,0.816473,5,P
-0.44833,0.302839,0.464768,0.353391,0.644243,1.627798,0.367627,5,P
-0.317988,0.091429,-0.179718,0.11454,1.074871,5.030667,0.479035,7,N
0.383895,-0.378123,-0.358974,-0.216166,1.938878,3.78967,,8,P
-0.498045,0.444945,-0.453062,0.355269,7.127189,1.511737,0.644565,6,N
-0.422837,-0.157633,-0.371712,0.03281,0.622304,1.210568,0.507428,-9999999,P
0.144613,0.150148,0.021023,-0.22622,1.112077,1.527632,0.824007,5,P
-0.332822,0.295772,0.106054,0.304405,0.594672,1.723169,0.805256,6,P
-0.013534,-0.318644,-0.327878,0.039455,2.484307,0.229167,0.817276,8,P
-0.142529,-0.145409,0.298174,0.00439,6.114639,0.006826,0.87683,8,P
0.325503,-0.483811,-0.115342,-0.11643,3.743202,19.371513,0.387947,6,N
0.034405,-0.345453,0.113471,-0.412018,5.789971,0.313934,0.759426,5,P
-0.412644,0.054628,-0.339779,0.297336,0.773948,0.616632,0.666621,5,P
0.134101,-0.16235,-0.422439,0.493172,0.610067,3.950419,0.770624,5,
-0.254106,0.314237,0.195142,-0.146848,9.402961,3.897855,0.655052,5,N
0.049409,-0.091859,-0.245422,-0.044089,0.041295,0.893205,0.901819,6,P
-0.270057,0.384276,-0.18226,0.423048,2.1992,8.700777,0.799297,8,N
0.47728,0.406406,-0.210526,-0.162286,1.664872,9.704099,0.712485,6,N
-0.470145,-0.107953,-0.467942,-0.491758,1.070487,7.57349,0.745367,6,N
0.416576,0.144063,-0.267588,-0.186373,2.347278,2.231722,0.738442,5,P
-0.134315,-0.026945,0.428569,0.273775,0.006322,2.443256,0.475589,5,P
-0.162299,0.27846,-0.435398,-0.40429,3.113408,0.74644,0.268681,7,P
0.228134,0.340251,0.384303,-0.020956,3.628235,7.572888,0.611192,5,N
-0.48875,0.426052,0.106749,-0.097472,1.55062,0.884702,0.283126,5,P
-0.089642,0.133018,-0.449711,0.108304,0.929352,2.346403,0.349968,7,P
0.269957,0.266576,-0.425928,-0.484734,0.106389,3.241371,0.85162,6,P
-0.092134,0.03701,-0.339241,0.401433,0.209068,7.391548,0.799121,8,N
-0.206902,-0.47422,0.136885,0.10398,13.872195,3.27683,0.609352,6,N
0.212599,-0.117325,-0.306981,0.192302,0.549877,0.129283,0.4072,7,P
-0.370123,-0.24141,-0.234464,-0.378713,2.482361,0.739301,0.541165,6,P
-0.440933,0.219832,0.499765,-0.018786,0.938362,7.193127,0.849288,5,N
0.031172,0.181165,0.184299,-0.152658,0.014073,1.899138,0.246466,8,P
-0.3091,-0.391479,0.285234,0.372303,5.407699,1.644667,0.587091,8,P
-0.400824,0.335078,0.011878,-0.024048,1.644352,4.466219,0.757757,8,P
-0.404491,-0.480398,0.064192,-0.26389,4.517149,0.4187,0.335246,7,P
0.035378,-0.376378,0.32322,-0.165026,0.046808,0.591162,0.453427,6,P
-0.495179,0.016383,-0.323134,-0.469879,1.523245,3.214563,0.492899,6,P
-0.42507,-0.382375,0.327633,-0.345805,0.361709,0.816376,0.413666,6,P
-0.23319,-0.004338,0.107581,-0.206164,2.141648,0.670836,0.291106,7,P
-0.320374,-0.044851,-0.0692,-0.249998,4.442531,0.842628,0.464075,7,P
0.437195,-0.444159,-0.067246,0.309061,0.698239,0.306719,0.582647,5,P
-0.088504,0.282728,-0.476404,0.308846,2.975219,1.613837,0.694611,7,P
0.065659,0.477149,-0.470569,-0.181318,2.259491,0.154011,0.569355,5,P
-0.433297,0.18692,-0.481722,0.165979,2.088322,0.42563,0.884463,7,P
0.071142,0.415881,0.038839,-0.070148,2.675952,0.548345,0.946761,6,P
0.195356,-0.290093,-0.085972,-0.343669,5.724136,2.451376,0.606508,6,N
0.10788,-0.361271,0.306314,-0.346996,0.670632,3.925449,0.776902,7,P
0.213852,0.088047,0.209314,0.041278,0.670988,2.74784,0.325397,5,P
-0.06997,-0.290211,-0.488542,-0.223328,4.890785,1.433905,0.867255,6,P
-0.206494,-0.433502,0.223012,-0.237485,0.105423,0.072931,0.626721,6,P
-0.447952,-0.356154,0.361722,0.05096,2.899194,2.03522,0.51773,5,P
0.0334,0.277166,0.415982,0.367773,2.238954,3.000424,0.659086,6,P
-0.323437,-0.121547,0.000391,-0.247291,7.420233,2.916594,0.749746,8,N
-0.096709,-0.360404,-0.14255,0.146806,1.987905,2.708888,0.434482,8,P
0.108285,-0.495861,-0.310967,0.112588,3.832273,1.614557,0.331048,6,N
0.301011,0.097035,-0.490543,-0.447695,0.26482,0.37356,0.692099,6,P
-0.143518,0.401475,0.238702,0.492923,1.583908,4.232318,0.714181,5,N
-0.181809,0.428398,-0.167914,0.120137,4.418097,3.252153,0.891329,5,N
-0.302687,0.019706,0.025934,-0.169043,11.258562,0.619838,0.699896,7,N
-0.298575,-0.229401,-0.163956,0.197879,0.615294,0.384799,0.515964,8,
0.404104,-0.304837,0.08898,-0.388616,5.04944,2.132473,0.21485,7,N
-0.281172,-0.114826,0.038506,-0.397731,0.76156,1.245513,0.94893,7,P
-0.321393,-0.489286,-0.473762,-0.18575,1.076282,2.619681,0.782505,6,P
-0.269769,-0.011038,0.071254,0.352889,4.716931,0.256762,0.731592,5,P
-0.490736,-0.444579,0.146607,0.154749,0.16263,0.300805,0.828922,7,P
-0.091212,0.493574,0.236152,-0.139409,0.618271,0.981413,0.158585,-9999999,P
0.003758,-0.055081,0.177745,-0.275044,2.094054,3.37137,0.827554,8,P
-0.438816,-0.044304,0.290994,-0.353507,4.26853,0.384267,0.801828,8,P
-0.304986,-0.454868,-0.114635,0.234234,7.960739,19.566371,0.800372,7,N
-0.22172,-0.068602,-0.302807,0.027727,0.958296,4.811817,0.605888,5,P
0.168788,-0.039316,-0.493019,-0.061043,1.106095,1.515144,0.272658,8,P
0.110295,0.435527,0.10932,0.404449,2.336503,3.483939,0.494503,8,P
0.315141,0.00017,-0.426475,0.100373,3.097713,5.645638,0.657887,7,N
-0.26702,0.361908,0.151325,0.477924,1.973214,14.934863,0.302371,8,N
0.040674,0.36516,0.374867,-0.340939,8.889838,0.467451,0.469415,7,N
-0.006777,0.430625,-0.411214,0.303833,0.8536,1.264264,0.354713,8,P
-0.283697,0.388198,0.357667,-0.004695,2.625987,1.195964,0.565784,6,P
0.025611,0.085448,0.014965,-0.109785,4.683177,0.413694,0.920261,8,P
0.220762,0.137062,-0.253443,-0.242065,2.367362,,0.137964,6,N
0.3071,0.404662,-0.340081,0.248364,6.136386,1.150028,0.401262,6,N
-0.017796,0.290643,-0.177566,-0.240309,6.441152,1.231612,0.554509,8,N
-0.007999,-0.360164,0.030311,-0.165176,1.968387,1.468671,0.878039,8,P
0.353789,-0.453616,0.307202,-0.455779,0.665478,6.588933,0.635848,8,P
0.173747,-0.10215,0.396502,-0.493553,1.00508,10.260625,0.832357,6,N
0.199383,0.443091,0.073418,0.228461,1.50539,0.095575,0.543871,5,P
-0.103153,-0.138883,-0.122899,0.210786,4.082577,1.864781,0.85698,7,P
-0.34228,-0.277799,-0.164102,-0.261384,3.617123,2.637648,0.830981,8,P
-0.291859,0.22455,-0.20536,0.274472,0.816534,7.333006,0.771012,6,N
-0.386962,-0.205603,0.219739,0.1831,3.264312,9.241103,0.76999,7,N
0.308049,-0.079395,0.197275,-0.248709,11.069082,10.371983,0.742659,5,N
0.296155,0.253333,0.241914,0.249947,0.830597,5.37606,0.621028,8,P
-0.344732,0.373365,-0.380199,-0.131116,4.020573,2.248429,0.853254,7,P
-0.324386,0.185224,0.056368,0.296471,1.368547,0.936908,0.564886,8,P
0.282268,-0.090672,-0.094886,0.031259,0.933302,4.419505,0.876127,7,N
-0.304881,0.255792,0.458058,-0.196247,0.775485,9.942245,0.867913,7,N
-0.397192,0.453791,0.088659,0.392952,1.447847,4.725902,0.871446,5,P
0.419032,-0.25663,0.161923,-0.359323,0.584496,4.03209,0.83971,8,P
0.199539,-0.298287,0.317454,-0.268595,0.372534,2.210971,0.805906,7,P
-0.396873,0.26983,0.170683,-0.457178,1.136098,0.280614,0.378979,7,P
-0.403347,0.016175,0.073313,0.412318,1.232803,3.458341,0.251945,5,P
0.005364,-0.190238,0.376751,0.198175,0.21694,1.662759,0.807494,8,P
0.164627,-0.207112,-0.414476,0.313391,0.781884,4.237378,0.259553,8,N
-0.069984,-0.300423,-0.174823,-0.451354,2.348018,1.508075,0.702432,7,P
-0.336024,-0.214284,,-0.132455,3.827297,3.164759,0.21556,8,N
-0.270374,-0.04668,0.332403,-0.482613,6.914911,2.018983,0.68984,6,N
0.457494,-0.44961,0.354999,0.135945,2.731455,0.135105,0.611636,5,P
-0.215924,-0.130027,-0.323468,0.277065,8.498689,1.36904,0.652899,5,N
0.005657,0.070811,0.438196,-0.394854,0.314487,2.104992,0.310744,6,P
-0.308934,-0.417289,0.254248,0.117471,1.232848,0.652247,0.244063,6,P
-0.112389,-0.240683,-0.176673,-0.225018,0.126753,1.925247,0.839561,5,P
-0.268945,-0.378741,-0.312456,-0.480255,3.06435,1.047274,0.85091,5,P
0.449966,-0.154137,0.111797,-0.11527,1.295782,11.626436,0.530078,8,N
-0.25939,-0.178688,-0.435896,-0.488307,4.098975,0.38836,0.686337,6,P
-0.153171,0.283914,-0.399193,-0.381903,0.88249,5.651693,0.167672,8,N
0.085388,0.41459,0.359948,0.083119,0.199179,1.376635,0.752111,5,P
-0.100363,0.237107,0.239243,0.022903,2.456762,0.26073,0.169419,8,P
0.168151,0.122712,0.218512,0.091365,0.374279,1.080181,0.419495,6,P
0.000618,-0.427912,-0.149953,-0.13077,0.63166,3.540468,0.856408,-9999999,P
-0.451499,-0.327421,0.013263,-0.170948,2.842412,2.742458,0.678684,6,P
-0.163977,-0.183515,0.169598,0.265327,2.505416,1.731646,0.812792,7,P
0.307456,0.023869,0.206292,0.106788,1.184276,3.022753,0.401367,8,P
-0.021435,0.43179,-0.473116,0.11864,4.529403,7.154911,0.23413,6,N
-0.447545,0.278869,-0.297162,0.110367,0.398995,17.849755,0.410893,6,N
-0.005013,0.324088,0.094808,0.216307,7.0653,0.316024,0.361184,6,N
0.388064,0.258352,0.383893,-0.297372,3.425706,1.866086,0.797493,7,P
-0.429229,-0.069071,0.421413,-0.040372,1.369605,1.086029,0.803776,8,P
-0.416299,-0.207968,0.154615,0.052299,1.787864,2.551667,0.704707,8,P
0.384742,-0.046307,0.481097,0.124065,4.694657,4.860674,0.861052,5,N
-0.156086,0.161297,0.435506,-0.130359,1.61792,4.532651,0.882424,8,P
0.43856,-0.204822,-0.290873,-0.151735,0.943239,3.231811,0.825246,8,P
-0.244818,0.17457,0.42433,-0.366087,11.519468,1.148636,0.716827,7,N
-0.12509,0.363919,0.490664,0.160453,4.101552,3.16733,0.838859,8,N
0.302039,0.301167,-0.276833,0.35428,1.12429,0.776114,0.219742,8,P
0.495092,-0.1434,0.479296,0.02572,13.243675,2.408167,0.350493,8,N
-0.186168,0.383471,0.397175,-0.004278,2.381323,,0.666046,6,P
-0.007887,-0.42798,0.266708,0.153962,0.300295,2.547138,0.390338,5,P
0.082631,-0.370145,0.378343,-0.350119,0.653736,2.255294,0.794061,5,P
-0.058624,-0.386853,0.365224,0.46243,4.127813,1.142555,0.849628,8,P
0.305532,-0.287072,0.131238,0.1634,1.198877,0.453433,0.721555,6,P
0.047271,0.309563,0.11731,-0.143482,0.773535,0.053208,0.930562,7,P
0.257365,-0.225107,-0.091483,-0.287927,7.052329,3.796932,0.395689,7,N
0.286384,0.227859,-0.352172,0.326736,5.5866,9.407515,0.510712,8,N
0.022488,-0.428671,-0.356699,0.381323,0.147575,5.304486,0.831535,5,N
-0.126856,0.279222,-0.076421,0.349624,0.007496,2.742646,0.707906,7,P
0.032065,0.137976,0.055799,0.29377,2.996531,6.715701,0.795509,6,N
0.074668,-0.043928,-0.03868,-0.350475,0.135278,3.197718,0.305894,5,P
-0.25592,0.354391,0.213889,-0.096482,0.328031,5.411553,0.829158,7,P
-0.365788,0.22378,0.2141,0.213068,0.141759,2.086395,0.370979,8,P
-0.205726,-0.348615,-0.218139,0.42249,0.42666,2.092609,0.690585,7,P
-0.341218,0.314784,0.396174,-0.042245,3.7984,0.258782,0.696369,5,P
-0.392325,-0.363076,-0.220703,-0.273959,1.39192,1.352396,0.558472,5,P
-0.143599,0.376118,-0.040711,-0.027191,2.332183,1.324516,0.832954,8,P
0.29649,0.105605,0.007439,-0.1673,2.89254,5.725906,0.572008,5,N
-0.149215,-0.145672,0.470365,-0.321829,15.617697,0.04308,0.465643,8,N
0.429616,-0.106553,-0.425534,0.068896,0.6935,0.772652,0.633084,5,P
0.249542,0.05341,-0.118426,0.300976,5.59591,3.35574,0.934083,7,N
-0.32595,0.155041,0.310388,-0.227357,4.240469,5.937554,0.577096,5,N
-0.495275,0.400324,-0.130096,-0.112708,0.261338,1.759759,0.47724,7,P
-0.364926,-0.350998,0.312899,0.054966,3.367883,8.751928,0.593255,8,N
0.231219,0.349682,-0.168085,-0.376911,0.06683,4.274053,0.406123,6,N
-0.443845,0.423256,-0.092455,0.162639,2.734507,0.026583,0.852043,7,P
0.03257,-0.353078,0.098572,-0.050126,9.499724,1.807924,0.373555,7,N
0.250312,0.147821,0.052774,-0.431627,0.002283,8.825055,0.610361,7,N
0.378407,0.164224,-0.015988,-0.135673,1.849364,3.75066,0.946366,6,P
0.307824,-0.304429,,-0.093213,3.823247,1.142704,0.252823,7,P
-0.231178,0.10454,0.163244,0.103237,1.324062,0.741383,0.77542,7,P
-0.020647,-0.146018,0.328963,0.182394,6.758654,6.393707,0.579098,6,N
-0.378883,-0.174574,0.363436,0.414194,4.623568,0.376452,0.26662,8,N
0.298144,-0.057618,0.241901,-0.398546,0.373962,1.57074,0.589668,7,P
0.394669,0.090215,0.050151,0.117691,0.367843,7.784913,0.64658,6,N
0.094213,-0.462289,0.235716,-0.024774,4.311173,1.455829,0.302685,5,P
0.078668,-0.485586,0.424564,0.030725,6.891288,2.444708,0.479776,8,N
-0.121927,-0.029729,0.323469,-0.080794,6.883237,3.125973,0.740843,7,N
-0.270835,0.084506,-0.350644,-0.060727,2.879803,0.197117,0.634282,7,P
-0.460257,-0.462609,0.310159,-0.048987,7.776304,0.130778,0.844537,6,P
0.221992,0.224702,-0.193859,-0.393419,0.289708,0.9296,0.793892,5,P
0.225411,0.016405,-0.281802,-0.275544,0.832178,4.049413,0.563109,6,N
,-0.199542,0.303602,-0.328886,3.512818,6.519509,0.754176,7,N
0.437317,,0.450324,0.468725,1.383321,0.722202,0.455474,7,P
0.470088,0.058892,0.420517,0.118768,8.29223,0.27607,0.671068,7,N
-0.278763,0.347596,-0.322609,-0.123593,4.666369,2.793168,0.578003,8,N
0.377613,-0.252314,-0.144369,0.027339,4.6619,12.152306,0.832523,7,N
-0.423589,0.483592,0.140877,-0.101485,12.208843,1.685318,0.462113,8,N
-0.191675,-0.389037,-0.037401,0.367032,1.415907,0.178646,0.954925,7,P
0.39654,0.013085,0.13955,-0.157187,0.666898,3.025496,0.791594,5,P
0.1199,-0.441571,0.494025,-0.112987,4.542513,2.508135,0.749203,6,P
0.071856,0.001875,0.333965,-0.071108,0.806917,5.503612,0.188016,8,P
0.490663,0.318634,0.184344,0.353653,3.095715,4.668006,0.565139,7,N
-0.253665,0.106822,-0.351579,-0.158338,0.595431,15.855631,0.401841,8,N
0.009387,0.31341,-0.301519,-0.308502,0.659653,4.815353,0.575912,6,N
0.03932,-0.471587,0.254575,0.027064,0.711774,0.425928,0.620647,7,P
-0.207547,-0.089683,0.18097,0.060068,1.097194,2.220438,0.261072,7,P
-0.085685,0.453672,-0.297967,-0.127511,2.505351,3.26193,0.76273,7,P
0.252593,-0.21633,0.381524,0.263797,0.955849,1.634303,0.386866,5,P
0.440515,-0.492228,-0.017891,0.140435,3.379415,8.216495,0.760706,6,N
-0.344109,0.171057,-0.008458,-0.32922,4.447565,0.988199,0.71629,5,P
0.48082,-0.436105,0.235652,0.056212,0.628129,5.925847,0.503831,-9999999,N
0.028414,-0.173776,0.11424,0.464207,1.534555,3.306149,0.882329,5,P
0.498593,-0.0351,-0.250228,0.053865,14.838993,0.042119,0.624605,8,N
0.267526,-0.375718,-0.107051,0.40697,6.467642,1.670237,0.711703,5,N
-0.04495,0.055122,0.094375,0.106434,0.688515,1.990024,0.8619,8,P
-0.007913,0.256629,-0.423943,0.498851,1.047964,2.819099,0.569345,5,P
0.204663,-0.028603,-0.00073,-0.389697,0.546967,5.961391,0.766676,7,P
0.486508,,0.352014,-0.471989,1.376292,4.051243,0.559752,8,N
0.045751,-0.233281,0.219486,-0.196772,1.46089,7.985963,0.819608,6,N
0.029984,-0.055857,0.153082,0.186744,2.679733,4.714603,0.683395,7,N
0.174512,-0.43235,0.221935,-0.233622,1.791561,2.055299,0.407684,5,P
0.327795,0.03618,-0.463907,0.085662,1.039516,3.666062,0.696737,6,P
0.078611,,0.10903,0.201311,1.374592,4.200061,0.061144,8,P
0.336361,0.461613,0.068237,-0.013964,0.702194,8.178878,0.626445,6,N
0.169456,-0.153429,0.374102,-0.413606,1.146713,2.67654,0.937449,5,P
-0.244507,0.452249,0.161141,0.193015,1.2336,8.374571,0.14723,7,N
0.140189,0.468171,0.055715,0.4443,1.11089,2.188286,0.486904,5,P
0.42025,0.261016,0.18618,0.018942,8.759415,1.230363,0.663703,5,N
0.358986,-0.415714,0.20683,0.274019,13.247411,0.04362,0.95342,8,N
-0.344804,-0.140276,0.241034,-0.318857,0.811054,17.591124,0.328868,8,N
-0.471759,0.013769,-0.451592,-0.077738,1.643162,1.2147,0.52307,8,P
0.305679,0.05973,-0.183821,0.005394,1.498262,2.560601,0.664529,7,P
-0.441032,-0.37891,0.469336,0.214923,1.197647,1.885867,0.556071,7,P
0.253669,-0.33465,0.265067,0.326217,4.452449,0.632806,0.646019,6,P
-0.123443,-0.288907,0.102827,-0.267048,3.249788,1.738435,0.604449,7,P
0.241609,-0.093111,-0.051812,-0.256415,3.237395,0.711291,0.440567,7,P
-0.051371,-0.251758,0.256299,-0.213532,2.053353,1.678325,0.713805,5,P
-0.416404,-0.05374,0.31399,-0.377685,0.967885,2.780572,0.710582,7,P
-0.162789,0.475286,-0.453686,-0.302351,10.758666,12.754118,0.431638,5,N
0.275366,0.431294,0.222994,-0.459361,0.264211,0.617104,0.256875,5,P
0.299495,0.192281,-0.397101,0.367733,4.482179,3.205556,0.535501,7,N
-0.227485,-0.428797,-0.084645,0.276173,0.362964,4.490261,0.726265,7,P
-0.094617,0.024924,0.209228,0.134787,0.386884,0.139128,0.830194,7,P
-0.243085,-0.182237,-0.113598,-0.331259,0.376095,0.316644,0.38564,6,P
0.013987,0.369501,-0.25365,-0.409442,7.425927,0.194954,0.865144,7,N
-0.257687,-0.003598,0.127503,0.271829,2.588217,0.88049,0.622561,6,P
0.224284,0.398956,0.353314,-0.419996,1.72453,0.346233,0.345916,8,P
-0.315015,0.318198,0.137574,0.268449,0.085664,5.355631,0.842562,5,P
-0.254563,0.16827,0.009653,-0.074097,0.861169,1.307635,0.525805,5,P
0.040422,0.435589,-0.156012,0.267403,0.253711,1.915388,0.592954,8,P
-0.047666,0.412697,0.196002,-0.137952,1.893614,1.70564,0.721192,7,P
-0.114524,0.262271,0.438611,-0.158115,0.612832,1.232542,0.802292,6,
-0.11821,0.477272,0.358174,0.381025,1.145331,0.128528,0.167157,7,P
-0.419164,-0.463003,-0.304036,0.221422,0.953759,1.375303,0.798329,7,P
0.444351,-0.43158,0.144573,0.085815,0.028503,5.724507,0.204647,5,N
-0.483747,0.233732,0.166976,-0.334282,13.726035,5.344448,0.842929,8,N
-0.129228,-0.026983,-0.399075,-0.458042,3.293582,1.50356,0.564301,5,P
-0.023259,,-0.353709,-0.199749,1.384195,2.05344,0.526585,8,P
-0.375156,0.213058,0.257122,-0.276021,7.21497,0.948181,0.783142,8,N
0.041384,-0.434097,-0.090786,-0.262003,4.863432,0.488607,0.583608,7,P
0.269563,-0.054572,-0.247697,0.051473,3.689949,0.587055,0.703025,6,P
-0.04146,-0.321745,0.024117,0.115644,3.194154,0.363088,0.610667,5,P
-0.173307,-0.492722,-0.279917,0.083502,1.024921,1.50739,0.649735,5,P
-0.143628,-0.285972,-0.005206,0.283326,9.590462,2.558743,0.850223,5,N
0.360033,-0.260521,-0.198999,0.260841,2.671742,5.333405,0.613678,6,N
0.326053,-0.448419,0.309145,-0.498487,2.67855,0.945721,0.674398,7,P
-0.449462,0.109194,0.432642,0.231366,1.121754,2.103225,0.712302,7,P
0.313621,-0.426938,0.048083,-0.334887,4.400374,7.627594,0.806417,6,N
0.232355,-0.447143,0.13199,-0.338619,3.199729,1.293739,0.803049,8,P
0.446718,0.371972,-0.428168,0.211856,2.599864,1.794563,0.284003,6,N
-0.326061,0.220726,0.071145,-0.449037,1.997874,1.150796,0.728889,5,P
-0.142568,0.461916,-0.425358,-0.348784,5.423113,1.198217,0.671889,5,N
0.176704,0.493724,-0.133861,0.301464,4.494139,2.446603,0.445567,5,N
-0.389695,-0.270591,0.221428,-0.213552,2.06374,1.770827,0.735346,8,P
0.056477,0.226292,0.359076,-0.318244,0.42858,0.763492,0.7241,5,P
-0.461225,0.499977,0.385334,-0.162515,4.369108,1.252846,0.509934,5,P
0.382238,0.267429,-0.386614,0.031298,2.431747,1.212973,0.570877,8,P
-0.18847,-0.401281,-0.053165,-0.318479,2.398952,10.34512,0.474944,5,N
0.405553,0.117191,-0.229362,-0.079843,1.287484,1.870043,0.537007,8,P
-0.365248,0.004099,-0.046158,0.10804,2.92025,1.418012,0.827462,8,P
-0.157946,-0.099011,-0.487191,0.011524,0.966419,11.606553,0.337382,5,N
-0.445658,-0.120831,0.348876,-0.313937,0.414903,0.69043,0.906804,7,P
0.463168,-0.368114,0.237916,-0.026939,0.239588,7.839645,0.226497,8,N
-0.051164,0.009037,-0.427881,0.474542,3.051311,1.180994,0.213282,6,N
0.366726,-0.137009,-0.325019,-0.235716,13.97445,0.996953,0.216608,6,N
-0.49459,-0.249533,-0.234822,0.376898,7.442448,0.328758,0.6605,6,N
0.317757,-0.234171,0.161768,0.17951,1.290405,1.076501,0.346635,5,P
0.436242,-0.301193,0.305787,0.367557,3.459383,4.638276,0.379722,5,N
-0.478825,-0.279021,0.222585,-0.365409,4.635019,0.974042,0.496577,5,P
-0.338289,-0.374958,0.114362,-0.487732,0.870669,7.188715,0.942531,8,N
-0.161058,0.078693,0.469078,0.376757,1.215426,1.020552,0.645266,7,P
,0.048028,-0.112326,-0.281841,3.540361,4.306085,0.725677,7,N
0.216626,-0.140546,0.169006,-0.364999,1.022845,0.261057,0.617872,7,P
-0.287975,-0.240288,-0.394954,-0.017747,6.382907,1.103219,0.70742,8,N
-0.417534,-0.170053,0.238795,0.075374,0.721801,0.313022,0.775198,8,P
0.070069,-0.3626,-0.271123,-0.354884,2.597778,1.538765,0.880075,8,P
0.37525,-0.054177,0.074717,-0.136815,1.545919,0.049566,0.828243,6,P
0.294277,-0.32914,-0.24005,0.04875,4.671492,0.632678,0.484614,7,P
0.414967,-0.362619,0.13913,-0.181855,1.930904,5.213114,,6,N
-0.251282,-0.452048,-0.084905,-0.154872,1.436371,7.281779,0.478097,5,N
-0.374654,0.436225,0.045568,-0.338968,2.737445,1.80354,0.69935,7,P
0.037661,-0.291786,-0.405457,-0.009801,2.010677,4.339019,0.477823,5,N
-0.29154,0.379816,0.467084,-0.219602,8.763812,1.216854,0.474932,7,N
-0.19175,0.349947,0.036878,0.280769,3.450956,2.469171,0.273238,6,N
0.1692,0.161039,0.200083,0.119431,4.514853,3.66179,0.61012,7,N
0.106103,-0.076018,-0.276646,0.012902,1.289615,0.181547,0.779222,6,P
0.202147,-0.084661,0.060534,0.29376,3.271239,5.519938,0.629949,6,N
-0.173835,0.289924,,-0.396295,3.810631,0.025656,0.425334,5,P
-0.24922,0.30628,0.146803,0.193452,1.304327,10.691977,0.425843,6,N
-0.244072,0.111041,-0.341511,0.2867,0.227847,3.389716,0.583544,5,P
-0.264001,0.097141,0.227395,-0.115063,0.705238,2.771566,0.296282,6,P
-0.478969,-0.386365,0.336108,0.484709,1.157702,0.45144,0.559533,5,P
-0.332822,-0.187407,-0.450938,-0.462216,0.941117,0.374056,0.571572,5,P
-0.469708,-0.287839,-0.363021,-0.159115,4.313405,15.970302,0.899257,5,N
-0.493487,-0.107969,0.021231,0.335281,2.053348,0.006377,0.594435,8,P
-0.37805,-0.223371,0.071698,-0.34504,3.983014,4.470933,0.927327,5,N
-0.376169,-0.455057,0.420844,0.149542,1.471837,0.453731,0.658216,6,P
0.283086,-0.266322,-0.215337,-0.097639,0.189773,2.614066,0.3363,6,P
0.459319,0.355084,0.022606,-0.449252,0.062029,15.78242,0.506411,8,N
-0.43515,0.191326,0.071933,0.06713,1.942407,1.750298,,8,P
-0.433053,0.230028,-0.330284,-0.339572,5.146622,4.001216,0.865159,7,N
0.270262,0.419665,0.315712,0.283596,5.453944,1.290466,0.931052,6,P
-0.24441,-0.344711,0.375832,0.069452,0.796124,3.902359,0.657458,8,P
0.108551,0.181095,0.072377,-0.435255,2.302732,3.010007,0.660706,8,P
0.393124,-0.252728,0.468524,-0.078907,4.37701,3.157328,0.938605,5,N
-0.149037,-0.391501,0.301657,0.415675,2.256504,5.217183,0.408414,7,N
-0.406415,-0.176414,0.223334,0.113303,4.942897,4.543924,0.32737,5,N
-0.438657,-0.446444,0.066271,0.237592,4.472795,6.466468,0.482113,6,N
-0.438472,-0.099879,-0.480687,0.230667,0.222518,3.962941,0.546521,8,P
-0.351559,-0.000578,0.059974,0.131389,0.421475,0.505284,0.700814,6,P
-0.265701,-0.059278,-0.496972,-0.211412,0.656005,0.032506,0.409846,5,P
-0.10625,0.357068,-0.363881,-0.26068,3.977952,1.858973,0.367568,5,P
0.466087,0.238488,0.109951,-0.127377,1.140606,4.201993,0.72982,7,P
0.10182,-0.048257,-0.491882,0.117842,1.626048,0.719615,0.520741,5,P
-0.348386,-0.080695,0.454715,-0.137999,5.212648,4.396224,0.971189,7,N
-0.334214,-0.389498,0.465454,-0.118502,1.938328,4.445264,,7,P
0.347707,0.045889,-0.196036,-0.081763,0.45616,1.830788,0.464371,8,P
0.191613,-0.466998,0.230663,0.321507,1.600322,6.070833,0.590768,6,N
0.330773,0.252136,0.020548,-0.467275,4.793457,8.059408,0.415816,5,N
-0.159759,-0.129748,0.178689,-0.148368,2.657868,3.494087,0.620603,7,N
0.41289,0.038295,-0.398858,-0.351382,3.063786,0.332336,0.123681,7,P
-0.301356,-0.245427,0.205012,0.199236,2.005172,5.157913,0.82434,7,P
-0.083073,0.059478,-0.003442,-0.097957,5.775224,0.451157,0.563469,7,P
0.453928,0.418192,-0.249999,0.410423,3.042172,0.824184,0.618084,5,P
-0.019933,0.430482,0.102052,0.412771,0.12735,0.26623,0.39161,5,P
0.122272,-0.385694,-0.009081,0.167396,0.822851,7.670995,0.687898,5,N
0.195725,0.297705,-0.27383,0.08735,0.229021,0.742337,0.853477,5,P
0.030571,0.222085,0.229939,-0.082179,4.95835,0.433034,0.864216,5,P
0.03107,0.295431,-0.061749,0.016082,7.292741,0.310796,0.679052,8,N
-0.082248,-0.012471,0.381545,0.017419,4.564075,2.176479,0.671882,7,N
0.228958,0.37599,0.180524,-0.357338,10.085605,6.420874,0.498519,5,N
-0.00018,0.435468,-0.389041,0.461296,7.867071,0.151417,0.853232,7,N
-0.496426,-0.190693,-0.289589,0.177381,3.500002,0.20344,0.458465,7,P
0.305294,-0.120241,-0.257091,-0.050528,4.65657,9.903154,0.886353,6,N
0.04314,0.00849,0.486438,-0.225291,1.318835,2.165692,0.376881,8,P
-0.314146,-0.019453,-0.487028,0.382309,1.123649,1.919645,0.685703,7,P
-0.209629,0.244327,-0.431564,0.404047,0.244334,8.303498,0.806932,7,N
0.176844,-0.211754,0.032176,0.23412,2.790541,1.948406,0.616645,6,P
0.027555,0.310973,-0.087905,0.442677,5.150668,7.715074,0.580604,8,N
-0.356934,-0.266226,-0.472295,-0.284921,3.138619,8.013901,0.929559,8,N
-0.272214,0.044328,0.039628,-0.035558,1.29897,5.51335,0.347563,8,N
0.27064,0.115217,0.405912,0.193646,0.809525,11.420173,0.853272,7,N
-0.121147,-0.387105,0.296892,-0.417834,0.822135,3.188104,0.766853,5,P
0.393007,0.14069,-0.333628,0.221831,2.52636,2.557013,0.310025,5,N
-0.156005,-0.370462,0.077331,-0.417614,1.885231,0.408366,0.691759,7,P
-0.208097,0.401605,0.274053,-0.16434,1.028289,3.348427,0.153194,6,P
0.433854,-0.440598,-0.262203,-0.007961,2.307123,2.501664,0.296136,7,P
-0.283519,0.046968,-0.000445,0.481012,2.182719,0.876903,0.521631,5,P
-0.023721,-0.436304,0.296166,-0.244256,1.693211,5.417504,0.826338,8,N
-0.246738,-0.297167,-0.060764,0.173727,9.150753,3.312863,0.979614,8,N
-0.123478,0.176571,-0.325529,0.380877,0.933592,2.002699,0.54021,6,P
-0.431038,-0.263867,-0.351189,0.113828,0.035245,2.511251,0.339002,7,P
-0.36052,0.205028,0.497345,0.490577,0.495637,0.800329,0.55687,7,P
-0.456532,-0.206571,0.068992,0.195812,7.602242,0.182035,0.834969,7,N
-0.349787,0.353811,0.142033,0.093014,2.762197,6.125661,0.69554,5,N
0.053792,-0.344998,0.191698,0.075022,0.683825,1.747745,0.256779,7,P
0.442217,-0.311099,-0.013789,-0.18185,1.413358,5.430886,0.706507,5,N
0.449632,0.37577,0.117185,-0.080883,5.159222,5.115909,0.613199,5,N
-0.403887,0.141191,0.286259,-0.127599,0.052235,1.092036,0.51799,5,P
0.194544,-0.262674,-0.116441,0.39026,3.98887,2.422138,0.821057,5,P
-0.005671,0.146101,-0.162877,-0.230731,0.984573,1.155485,0.572398,7,P
0.228267,0.038749,0.422804,-0.428267,4.456331,0.233754,0.158805,6,P
-0.126061,-0.010161,0.203053,-0.134533,2.530517,3.168152,0.4858,5,P
0.456366,0.404363,-0.435527,-0.103905,1.869619,2.230076,0.791174,5,P
-0.178271,-0.262355,0.223596,-0.083484,1.045772,0.636843,0.71458,8,P
0.295554,-0.179862,-0.238291,-0.447177,3.072675,1.4021,0.437632,7,P
0.194028,-0.367782,0.314473,-0.288149,2.813604,10.563443,0.887977,8,N
0.205526,-0.364206,0.141209,-0.120623,1.312214,1.412808,0.756999,6,P
0.421035,-0.324814,-0.396669,-0.162293,3.212073,4.396216,0.45389,6,N
0.127167,0.383014,-0.149351,-0.02346,0.847018,1.060544,0.853364,7,P
0.467606,0.35914,-0.153787,-0.32038,0.361829,7.789455,0.93839,6,N
-0.417074,-0.257915,-0.072984,-0.297761,1.924722,3.009659,0.694536,5,P
-0.370703,0.177555,-0.360006,-0.219421,7.628582,2.268687,0.615061,7,N
0.421008,-0.369245,0.156809,-0.311944,3.013596,1.759208,0.224392,7,P
-0.153429,-0.292273,0.220175,0.353442,0.219856,2.406088,0.869464,6,P
0.0025,0.002284,-0.441704,0.090527,0.043226,1.062997,0.615989,8,P
-0.000963,0.257996,-0.103229,-0.262572,0.786713,2.351038,0.874128,5,P
0.363189,-0.01019,0.498714,-0.412369,0.530611,2.780688,0.795407,8,P
0.122714,-0.339796,-0.471587,-0.448036,2.366574,,0.551922,5,P
0.466787,0.266274,-0.138809,0.302531,6.336146,3.485933,0.765339,7,N
-0.416498,-0.356587,0.230423,-0.048166,2.404233,1.16424,0.81276,8,P
0.333227,0.467926,0.261674,-0.323769,5.219332,2.799559,0.811713,5,N
-0.265525,0.170544,0.092313,0.428816,1.55241,0.097794,0.773308,6,P
0.189499,0.275087,-0.363658,0.173716,0.876191,15.919958,0.476465,8,N
-0.224323,-0.068303,-0.368232,0.332127,4.273102,2.071692,0.893933,5,N
0.356198,0.086776,-0.408306,-0.398688,1.762254,2.913008,0.68242,5,P
-0.336405,-0.000279,-0.125752,0.43442,1.83771,1.826135,0.431844,5,P
0.436602,-0.315561,0.113966,0.057529,0.163731,0.915237,0.52349,6,P
-0.210489,0.418443,-0.30985,0.437108,0.559565,3.580103,0.876149,6,P
0.416387,0.342922,0.28968,0.17348,1.58223,0.852059,0.416317,5,P
0.431253,0.11974,0.357682,-0.422752,1.007874,2.496287,0.21375,5,P
-0.459036,0.244488,-0.319272,0.249762,1.978618,11.041998,0.789891,8,N
-0.318109,-0.490881,-0.321694,0.114887,0.609407,5.524746,0.472962,5,N
0.24833,-0.246703,-0.00123,-0.205288,4.384328,3.211126,0.889991,7,N
0.314667,-0.411825,0.314604,0.299926,2.724713,6.360577,0.195343,6,N
-0.104559,-0.472633,-0.09804,0.48546,2.675187,1.997211,0.694983,5,P
-0.287806,0.241346,0.138504,-0.371663,0.263755,0.206323,0.411336,6,P
-0.304902,-0.255987,0.499711,0.280495,2.43705,1.303461,0.537418,8,P
0.011268,-0.093612,,-0.156141,3.808669,0.07204,0.585435,5,P
-0.193285,-0.325085,-0.179012,0.247013,3.060802,0.340707,0.681481,5,P
-0.22095,0.16066,0.072665,-0.021373,0.416813,0.325999,0.288943,5,P
0.439952,-0.028899,0.232325,0.092999,2.198142,2.321707,0.798879,8,P
-0.018695,0.442006,-0.416888,-0.469281,0.591692,2.946183,0.619074,8,P
0.255335,0.325796,0.316844,0.19031,1.126996,0.751295,0.779668,5,P
0.030215,0.295562,0.108894,-0.451053,0.351662,0.330097,0.777967,8,P
-0.174231,-0.036078,-0.22535,0.142006,2.87601,1.824219,0.350452,8,P
0.086815,-0.10707,0.349673,-0.37049,1.155411,2.288254,0.615525,5,P
0.329637,0.250525,-0.262449,0.201283,0.008362,2.608652,0.873472,6,P
-0.416552,0.324589,-0.001993,-0.304637,0.680757,0.613689,0.827543,8,P
-0.361971,0.145112,-0.110157,-0.28045,0.669888,0.635564,0.432339,8,P
-0.467457,-0.304704,-0.181623,-0.145391,13.289932,1.296707,0.705014,7,N
-0.269943,-0.163425,0.292286,0.387126,0.09016,5.548948,0.695914,8,P
0.479097,0.495361,,-0.287277,3.818269,8.985509,0.921079,7,N
-0.34013,-0.292195,0.343313,-0.476167,1.13262,3.337139,0.79262,7,P
0.231261,-0.069577,0.374373,-0.437515,0.200813,0.784969,0.697136,5,P
-0.308051,0.308447,0.225765,-0.413968,0.482799,4.617627,0.68108,8,P
0.257679,-0.236551,0.022824,0.379165,2.239831,3.933615,0.449784,8,N
-0.367463,-0.442445,0.19949,0.278414,0.804951,0.433232,0.802936,8,P
0.366112,-0.460824,0.025601,-0.425683,3.958652,0.602557,0.751531,6,P
0.39408,-0.446041,0.387662,0.101762,6.087932,10.101945,0.726327,7,N
-0.070121,-0.212098,-0.066605,-0.138223,3.380401,0.33535,0.591426,7,P
0.31691,-0.227339,0.010661,-0.233819,14.551965,4.811229,0.450398,5,N
0.358395,-0.489952,0.32157,0.464318,12.212217,0.226238,0.391036,5,N
-0.096497,-0.253513,-0.379369,-0.435834,2.820558,3.116184,0.494618,7,P
-0.48368,0.41717,0.28607,-0.150649,1.08654,1.52293,0.234286,7,P
-0.104544,0.198066,0.210056,-0.380963,8.511229,0.372138,0.391153,5,N
0.436496,0.03992,-0.077917,-0.058492,0.292332,4.116438,0.703865,7,P
-0.467398,0.278664,-0.315667,0.035125,5.826054,1.353846,0.450382,5,N
0.189217,0.209024,-0.338266,0.173177,1.135711,3.21259,0.595937,5,N
-0.456369,0.077539,0.075335,-0.000397,4.533847,0.074597,0.751559,8,P
0.42048,-0.146046,0.13245,-0.241715,3.448031,1.389527,0.487262,5,P
-0.070622,-0.354102,0.033075,-0.175612,0.126724,0.279532,0.927776,5,P
-0.251365,0.203159,-0.472948,-0.411488,1.626117,1.78166,0.8225,5,P
0.256723,0.102986,-0.292937,0.065529,1.528885,4.165005,0.596284,5,P
0.448843,-0.330786,0.384145,-0.292165,0.324265,3.017089,0.466927,7,P
0.05258,0.485022,-0.168477,-0.166832,0.308727,2.19079,0.394088,7,P
-0.38709,0.376492,0.179661,0.249598,2.982516,1.285023,0.671921,7,P
0.41548,0.054813,-0.486796,0.205351,0.769587,2.870354,0.69213,8,P
-0.197085,0.250776,0.322228,-0.463296,1.127232,1.186158,0.242024,7,P
0.331292,0.431731,0.06806,0.056094,9.235616,0.822126,0.894445,5,N
-0.340575,-0.261805,-0.30331,-0.274643,5.353214,5.293552,0.689793,6,N
0.233538,0.088794,0.132598,0.306197,0.657545,4.801547,0.720709,5,P
-0.461267,-0.277683,-0.126038,-0.116316,5.2818,1.65585,0.427303,8,N
0.28695,-0.182963,-0.109814,0.303292,2.349705,,0.670085,6,N
0.492644,0.181571,0.311796,0.142215,3.443037,0.943693,0.282368,8,P
0.290552,-0.140735,0.437305,0.329645,1.856771,1.97799,0.336371,7,P
-0.169355,0.108819,0.031499,-0.013373,0.428107,1.822677,0.827448,5,P
-0.464324,0.499391,0.481687,0.175829,0.981082,6.833809,0.227634,5,N
-0.062953,0.00175,-0.193808,0.080287,0.615676,5.426511,0.828898,8,
0.480982,0.229617,-0.359637,-0.080797,2.713309,0.151476,0.76983,5,P
0.269192,0.019152,-0.395022,0.27849,0.601191,3.833558,0.726434,6,P
0.104103,-0.239224,0.318268,0.122799,0.733203,0.679959,0.858081,8,P
-0.443348,-0.479242,0.089906,-0.275134,0.59897,2.907147,0.908367,5,P
-0.049689,0.104188,0.12293,0.389564,3.294213,0.491002,0.617564,6,P
0.362744,-0.216386,0.086687,0.21124,0.580322,0.008453,0.763987,8,P
0.237002,-0.461247,0.10854,0.056994,1.177251,1.434159,0.484478,5,P
-0.183859,,0.327198,-0.001238,1.38615,0.354266,0.762848,8,P
-0.391727,-0.326522,0.24351,0.307622,1.391126,2.551525,0.373811,7,P
-0.279871,0.006958,-0.086551,0.41822,1.87688,8.127475,0.500311,5,N
0.062116,0.27175,0.244395,-0.203154,0.592134,4.778569,0.808259,5,P
-0.2272,0.025888,-0.300356,0.426881,3.128015,1.459006,0.914369,8,P
-0.244057,0.060812,-0.073757,0.45834,1.057145,1.486217,0.72748,6,P
-0.488153,0.137635,0.237783,-0.248882,2.234886,1.090279,0.31742,6,P
0.271728,0.371121,0.031177,-0.112864,3.123966,0.240168,0.184113,8,P
-0.399792,-0.258076,0.289992,0.176655,8.677639,5.293098,0.653011,7,N
-0.139468,-0.227194,0.033498,-0.18224,4.362581,0.312689,0.699797,8,P
0.45424,-0.03296,0.192611,-0.422685,0.985603,6.258685,0.226649,7,N
0.321005,0.21142,-0.472767,0.463809,1.447064,5.443936,0.715435,8,N
-0.450096,-0.246784,0.430587,0.385706,3.027783,2.960852,0.770747,8,P
0.255452,0.073196,0.362574,0.456232,0.933134,2.946002,0.86205,7,P
-0.389244,-0.450861,0.395239,-0.405601,1.028662,2.963601,0.4659,5,P
0.004632,0.180479,-0.115841,0.195054,1.212348,2.040424,0.604765,6,P
0.128891,0.298193,0.06217,-0.42216,6.673429,0.500554,0.56125,6,N
0.41706,-0.062663,0.28876,-0.310525,4.580841,5.597193,0.838934,6,N
0.17878,-0.355959,0.430741,-0.192785,4.826293,1.930289,0.558912,8,N
0.24128,0.450288,-0.44015,0.455674,6.81088,1.015403,0.751056,7,N
-0.113786,0.188943,-0.209332,0.065189,0.43985,8.526409,0.701963,7,N
-0.030965,-0.008054,-0.104654,0.11207,5.745795,1.636903,0.283684,8,N
0.139822,0.304021,-0.338051,0.353542,0.666255,0.533817,0.823653,7,P
0.358216,0.281401,-0.424623,0.446914,1.300277,1.815545,0.288972,5,P
0.397234,0.29962,0.371992,-0.246711,0.420968,5.733682,0.791293,5,N
0.407071,0.408578,-0.49439,0.103622,1.624543,2.604618,0.303296,8,N
0.298616,-0.413762,0.096619,-0.260662,0.133062,1.324966,0.795297,6,P
-0.365464,-0.336285,-0.124447,0.072478,3.647528,3.974392,0.459901,5,N
-0.240251,0.311444,-0.352337,-0.231755,2.225656,2.625736,0.813622,7,P
0.259749,-0.270738,0.346094,-0.249506,1.051863,3.493478,0.57343,8,P
-0.168567,-0.377846,0.139988,-0.313691,2.830255,0.741123,0.72789,6,P
-0.187747,-0.388566,0.291927,0.420539,2.567729,9.087842,0.641094,5,N
0.353957,0.196474,-0.21306,0.106476,2.612341,7.082347,0.758879,7,N
-0.211255,0.416262,0.025388,-0.118275,0.721887,8.030957,0.435021,5,N
0.417124,-0.018147,0.471461,-0.09918,5.302439,2.730096,0.572676,6,N
-0.371257,-0.010152,-0.376758,0.073987,0.591968,6.442066,0.894435,8,P
-0.097241,0.121074,0.221198,0.232316,5.525552,1.202141,0.958702,5,P
0.10266,0.034178,0.115038,0.302791,6.004028,1.41287,0.528917,7,N
-0.184726,-0.039632,-0.335274,-0.36127,0.341776,0.562964,0.139699,6,P
-0.076374,0.443816,-0.39891,0.218552,2.304867,1.007913,0.636719,7,P
-0.313195,-0.171599,-0.412235,-0.4429,1.365918,0.550403,0.830856,8,P
0.401156,-0.056281,-0.420847,-0.363008,1.937333,1.369794,,8,P
0.373758,-0.135663,0.103328,0.010316,11.580586,0.696825,0.670965,5,N
-0.421984,-0.421042,0.481212,-0.419811,5.773014,0.875521,0.30032,7,P
-0.17101,-0.273403,-0.49958,-0.348919,1.817495,1.200401,0.680647,6,P
0.223888,-0.38801,-0.066545,0.233695,1.898446,0.003189,0.272565,5,P
0.301689,-0.262245,0.082394,-0.264938,0.182589,2.91405,0.78047,8,P
-0.058337,-0.396546,0.191592,0.214687,5.195519,0.684427,0.701881,7,P
0.420719,-0.004974,-0.287905,-0.307282,0.177518,0.78601,0.653163,8,P
-0.19646,0.313397,-0.215692,-0.257786,0.650094,1.025277,0.438545,6,P
-0.26396,0.332876,0.217463,0.067189,4.682316,2.389007,0.564956,5,N
0.405817,-0.019645,0.287255,,0.508819,1.260905,0.916376,5,P
0.485923,0.02317,-0.187845,0.472966,6.794802,0.912292,0.678655,5,N
0.054486,-0.447159,0.090039,-0.069889,12.034201,4.792417,0.942802,7,N
-0.340291,0.111112,-0.060043,-0.234217,1.628741,5.953013,0.583034,7,N
0.486563,-0.333064,-0.370872,0.054701,1.725611,7.931642,0.48546,5,N
0.414567,-0.348833,-0.407734,0.174812,6.298058,0.340634,0.682092,6,N
-0.37388,0.045732,-0.413067,-0.174035,6.606302,1.221444,0.708592,7,P
0.394966,0.101368,0.474946,0.156468,1.990228,1.235489,0.652356,5,P
-0.039451,0.182008,-0.113222,0.498566,4.749323,7.386889,0.574377,5,N
0.077345,0.436414,-0.487614,0.024332,7.737996,1.563103,0.692539,6,N
0.020416,-0.312707,0.155174,0.100762,0.299267,2.612886,0.797762,5,P
-0.314308,-0.272001,-0.313715,-0.397721,3.130626,5.319252,0.667502,5,N
0.017144,-0.271571,-0.215298,-0.116993,2.500567,4.232985,0.727018,7,N
-0.072321,0.291463,-0.145844,0.095023,6.762197,0.656044,0.56556,6,N
-0.104554,-0.0521,0.322724,-0.268429,3.988958,1.965316,0.237162,5,P
0.059497,-0.389,-0.094915,0.346622,1.482856,5.386532,0.83745,8,P
-0.000819,-0.388354,-0.286143,0.174186,1.423516,0.201447,0.213712,5,P
0.331887,0.05986,0.18845,-0.039773,5.360176,7.058147,0.617691,6,N
0.30005,0.283327,0.047057,-0.232242,0.149758,7.52306,0.810755,5,N
0.029568,0.452524,0.300876,0.2842,2.219371,0.972844,0.713599,6,P
-0.198306,-0.256182,-0.26284,-0.340336,5.473889,2.960736,0.755738,7,N
,-0.052072,-0.380573,-0.245349,3.533026,2.70818,0.545326,8,N
-0.239193,-0.452816,-0.035975,0.182647,2.615695,3.505929,0.49963,7,P
-0.447696,0.13767,-0.125133,-0.149902,1.141256,1.567939,0.733446,6,P
-0.164028,-0.361177,-0.213145,-0.05994,8.934692,3.764768,0.565346,8,N
-0.167464,-0.200315,-0.136176,0.008829,4.214212,7.533187,0.743906,5,N
-0.193658,0.437526,0.333793,-0.004606,8.899399,29.6811,0.220436,8,N
-0.080681,0.106088,0.193076,-0.318016,9.883444,0.219615,0.574763,7,N
0.374568,-0.314229,-0.302487,-0.002986,1.767259,2.346619,0.853395,5,P
-0.38003,0.223047,-0.145514,0.229973,1.012421,2.532215,0.865113,8,P
0.020014,-0.490122,-0.359851,-0.325817,1.557426,0.864333,0.345729,6,P
0.44728,-0.256309,0.033665,-0.195562,0.803002,0.941304,0.551445,5,P
0.364925,0.123292,0.080468,-0.113824,2.735692,4.067558,0.819509,8,P
0.182459,0.214999,-0.448852,-0.010972,0.551105,3.651709,0.310993,6,N
-0.093472,-0.493967,-0.25683,0.427539,3.460418,0.614066,0.622379,8,P
-0.22535,-0.095757,-0.415685,0.336024,3.64874,3.890062,0.716694,6,N
0.204611,0.056615,0.385591,0.428055,0.961928,4.167332,0.600424,8,P
-0.255894,-0.314342,0.277271,0.173743,2.332284,2.625761,0.811239,7,P
0.156079,-0.134708,-0.15161,-0.008019,1.782918,0.751034,0.385976,7,P
0.477719,-0.189796,0.126438,0.361256,1.284907,6.961004,0.790656,6,N
-0.124066,0.313887,0.423934,0.312766,0.076616,0.739485,0.565236,8,P
0.196783,0.398641,-0.304188,0.202049,1.142389,1.96009,0.690284,5,P
0.116689,0.212588,-0.267958,-0.159687,3.578962,0.828867,0.734445,8,P
0.179304,-0.213768,0.118868,-0.432921,1.973635,2.69874,0.740861,6,P
0.389209,0.223234,0.126802,-0.13455,2.759557,0.124529,0.814665,7,P
0.452911,0.0771,-0.405492,-0.080013,0.099086,0.481793,0.64151,8,P
-0.296676,0.075629,0.379781,0.342391,6.60771,0.09918,0.479708,5,N
0.475107,-0.417136,-0.22013,0.185193,3.375636,0.166002,0.638574,6,P
-0.228182,0.196834,-0.248943,-0.15565,0.618022,1.965002,0.790974,7,
-0.312041,-0.350503,-0.362997,0.285968,8.264362,2.805756,0.381826,8,N
0.475368,-0.116963,0.146245,0.419817,2.334701,2.162072,0.698346,7,P
-0.287588,0.262478,0.100845,0.173733,3.858459,0.177267,0.426001,8,P
-0.059019,0.351125,0.402373,-0.307714,0.335498,12.463956,0.281695,8,N
0.234725,-0.294137,-0.138236,-0.30268,1.554522,6.574951,0.595779,6,N
0.001553,-0.439977,-0.249641,0.033784,4.510162,3.855024,0.729859,7,N
-0.243648,0.464709,-0.074882,-0.336491,1.060805,0.317868,0.465389,8,P
-0.33147,-0.184575,-0.187512,0.044372,0.858202,1.125513,0.375309,6,P
0.481323,-0.240832,-0.354272,0.106998,0.223043,0.659413,0.90882,8,P
-0.088917,-0.218418,-0.070109,-0.131363,0.574717,2.156013,0.914361,8,P
0.046127,0.206723,0.304672,0.188377,9.721874,2.948323,0.669159,6,N
0.167039,0.30042,0.338618,-0.141165,0.309332,7.888751,0.709385,5,N
-0.321589,-0.089163,-0.16349,0.014481,1.327794,2.781782,0.390629,6,P
0.19841,0.090226,-0.183897,-0.150857,0.906296,0.562056,0.525838,5,P
0.049229,-0.37912,-0.117633,-0.244459,1.252198,0.1746,0.389462,6,P
-0.050718,0.006529,0.031271,-0.475227,1.542105,0.442457,0.433365,5,P
-0.361237,0.286267,0.410308,-0.418382,5.806984,4.624301,0.865259,8,N
0.460345,-0.133941,-0.244276,0.045054,3.982028,2.679503,0.560693,8,N
-0.426435,0.167217,-0.180597,-0.372946,0.118588,1.754487,0.242857,7,P
-0.353464,0.34811,-0.497502,-0.243758,2.007112,9.784874,0.92568,5,N
-0.22893,0.218457,-0.413904,0.068347,2.057402,1.219318,0.690984,6,P
-0.031449,-0.353181,-0.113181,0.20934,2.500216,4.702814,0.208837,7,N
0.005533,0.333082,-0.227779,-0.362363,2.528712,0.949662,0.830015,7,P
-0.05573,-0.377249,-0.408336,0.068872,2.51998,1.294238,0.878132,8,P
-0.02896,0.130651,-0.410282,0.414095,2.569557,0.683554,0.600217,8,P
0.31917,0.125983,-0.110728,-0.337531,2.202118,1.355571,0.816628,5,P
0.269854,0.051878,0.309125,0.194201,6.05854,7.680607,0.206669,5,N
0.029272,0.450258,-0.360247,,0.528545,0.073253,0.580626,8,P
-0.231625,-0.233487,-0.088819,-0.028709,13.748701,1.98963,0.587773,5,N
-0.032865,0.154548,-0.304879,-0.428225,0.1963,1.282574,0.748268,6,P
0.272698,0.251578,-0.411269,-0.254639,5.269919,0.183742,0.295626,5,N
0.037699,0.36033,0.281034,-0.327146,0.193216,3.53996,0.751779,7,P
0.212174,0.115471,0.008833,-0.173553,5.921422,3.245641,0.419244,7,N
0.294902,-0.011411,-0.257323,-0.088593,2.467137,7.757995,0.439726,8,N
0.432296,-0.367041,-0.463567,0.032688,2.507588,0.133784,0.680756,6,P
-0.049718,0.166527,0.316488,-0.064057,2.48209,1.573698,0.819389,7,P
-0.219944,-0.242945,0.315829,0.036542,3.685528,0.216003,0.455172,8,P
-0.066861,0.463494,0.087199,-0.164991,0.65374,3.310476,0.393355,6,P
-0.472123,0.197299,-0.38164,0.225124,7.079913,5.957182,0.832868,8,N
0.224285,0.253853,0.021726,0.04286,2.357332,,0.445515,8,P
0.106705,0.103433,0.043644,,0.510771,2.822312,0.885111,7,P
0.184348,-0.313081,0.194333,0.070568,1.76689,7.608485,0.743614,5,N
0.283293,0.055617,-0.138363,-0.143812,0.338656,6.531517,0.343759,8,N
-0.317988,-0.236263,-0.402278,0.46755,0.820069,0.149298,0.760665,7,P
-0.338007,-0.309009,-0.174166,-0.05167,9.146318,2.091888,0.668702,6,N
0.293285,0.214815,0.349493,-0.179767,1.81754,0.777678,0.954546,5,P
0.099488,,-0.459011,0.445188,1.378338,0.078329,0.730548,6,P
0.492172,-0.330117,-0.112102,0.040571,2.303837,0.51284,0.703461,7,P
0.15044,-0.376947,0.28753,0.428645,4.197854,5.773374,0.704716,7,N
0.241052,0.376535,-0.478698,-0.462272,3.110404,5.12178,0.726911,6,N
0.06325,-0.244968,0.449798,0.343732,0.015499,0.324963,0.620191,7,P
0.057186,-0.206993,0.076066,-0.223261,0.189851,9.8117,0.844705,7,N
0.173265,-0.420607,0.293369,0.046607,0.716187,2.04213,0.575838,5,P
-0.472768,0.079618,0.290618,-0.413004,0.095953,10.932805,0.593794,6,N
-0.124476,-0.448991,-0.115639,-0.358736,3.001658,3.328438,0.561998,7,N
-0.451515,0.44396,-0.313066,0.300862,1.01255,1.088141,0.374247,7,P
0.135763,0.451404,-0.274316,0.468558,3.389278,0.180894,0.887353,5,P
-0.089418,-0.377659,-0.287251,0.272864,3.350722,1.969067,0.903586,5,P
0.15476,-0.192676,-0.274423,-0.425753,1.396523,0.302814,0.488103,6,P
0.49655,0.236034,0.49195,-0.422198,9.38262,0.131736,0.64726,6,N
-0.149368,-0.210209,-0.08497,0.329086,16.562407,2.104558,0.7592,7,N
0.239387,-0.394498,-0.298901,0.01175,1.169999,1.161976,0.758425,5,P
-0.4659,-0.207301,0.411985,-0.016832,4.785631,0.223122,0.853148,8,P
0.326844,-0.315095,-0.43284,-0.192229,5.004374,1.964285,0.535039,5,N
0.108975,0.410978,-0.064591,-0.107463,0.60523,4.42517,0.321815,6,P
-0.209937,0.332116,-0.232131,-0.23806,2.190454,8.428437,0.802723,5,N
0.428351,-0.236835,-0.402894,0.19749,6.717114,3.34901,0.434097,5,N
-0.386197,-0.115208,-0.085791,0.249697,3.781512,1.284777,0.669064,6,P
-0.345715,0.158697,0.341677,0.469031,10.830407,1.384672,0.433025,6,N
-0.064275,0.114632,0.283104,0.39276,6.84041,1.770462,0.775542,5,N
-0.320496,0.478517,0.380676,0.194475,4.300819,2.058397,0.515688,7,N
0.321411,-0.065712,-0.063158,-0.254846,0.457375,0.013003,0.557471,6,P
0.436537,0.064272,0.354845,-0.113311,0.128838,8.872678,0.784077,7,N
0.240994,0.22131,0.485989,-0.077198,3.207504,4.554666,0.41069,8,N
0.153202,0.452706,0.136988,-0.085232,0.145515,2.144345,0.927213,6,P
0.155349,-0.152364,-0.190066,-0.000981,7.884077,0.338789,0.733707,5,N
-0.135298,0.495489,-0.007898,-0.459339,0.48037,1.210848,0.789883,7,P
-0.079372,-0.283675,-0.020973,0.262544,2.271153,2.502246,0.703809,5,P
0.251351,0.188088,-0.444955,0.260213,2.752241,2.012602,0.407148,7,N
-0.203282,-0.232813,0.267358,0.221214,1.991964,0.460944,0.664285,6,P
0.203749,-0.434051,0.418419,-0.098318,3.696865,2.916633,0.485398,7,N
-0.436561,-0.410314,-0.471517,0.001383,7.026085,1.899139,0.623563,7,N
0.492883,-0.149856,0.147254,0.19794,0.12275,1.91901,0.424215,5,P
-0.458696,0.496941,0.248673,-0.180678,1.111732,0.819933,0.808491,5,P
-0.071952,-0.211354,-0.185042,0.049034,1.486984,2.44539,0.853139,7,P
0.477102,0.123629,0.324311,-0.45132,0.759264,0.498053,0.294276,6,P
0.235679,-0.089097,0.360273,0.065401,0.776109,2.816018,0.544997,5,P
-0.495062,-0.280575,-0.275263,-0.394823,3.787538,0.37647,0.673463,5,P
0.175804,-0.119057,-0.430495,-0.129265,0.349819,0.611804,0.808329,5,P
0.043972,0.397283,0.020262,-0.25387,2.824963,0.18284,0.838028,8,P
0.48364,-0.116149,-0.491282,0.238669,1.841572,0.701223,0.855329,6,P
0.15651,0.271834,0.195825,-0.11275,1.953406,3.813734,0.632056,7,P
-0.011194,0.010837,0.431552,0.191348,2.481438,0.723728,0.691497,8,P
0.386641,-0.059172,-0.094554,-0.133743,5.124269,10.050265,0.833492,5,N
-0.133422,0.376902,-0.2263,0.108564,0.832982,4.719302,0.471668,5,P
0.044722,0.208142,-0.022773,-0.257306,3.094568,4.631267,0.53098,7,N
0.173313,0.030821,0.100034,0.452844,2.283238,0.366237,0.407793,6,P
0.302574,-0.142574,-0.459729,0.079884,3.622898,0.354052,0.469733,7,P
0.024171,0.177334,0.109395,0.040134,5.843295,6.151937,0.696479,8,N
-0.071208,-0.477493,0.190551,0.389863,1.132661,2.253719,0.722132,6,P
-0.113858,0.230494,0.109795,-0.267619,0.869627,7.079981,0.260042,8,N
0.168201,-0.209704,0.122922,0.326312,4.603161,2.409933,0.467196,5,N
0.041435,-0.058003,0.028447,0.48577,11.802866,0.811682,0.314891,5,N
-0.453226,-0.461096,-0.331942,-0.497076,3.344964,1.22002,0.73951,7,P
0.267576,0.189991,-0.146893,0.368597,1.13741,0.708385,0.880091,5,P
0.093799,0.31405,0.335062,-0.294985,0.189591,1.578569,0.65015,6,P
0.227285,0.327339,0.132923,-0.054108,0.097187,0.483115,0.829887,8,P
0.136966,0.384565,-0.463803,,0.500914,6.596595,0.538872,6,N
-0.374755,0.083571,0.027616,0.086197,0.81667,1.032443,0.667891,5,P
-0.138647,-0.096523,0.142662,0.416104,1.292859,1.095762,0.664751,5,P
-0.06281,-0.207025,-0.480622,-0.38779,6.84618,3.023997,0.379744,5,N
0.069235,-0.440549,-0.098794,0.109721,0.453925,3.218812,0.555755,5,P
0.404171,-0.493557,0.009927,0.037372,0.343533,11.515878,0.393165,7,N
0.193756,-0.219133,-0.159973,-0.077843,3.341894,13.400787,0.456261,8,N
0.109552,0.199709,0.127501,0.04034,0.239556,0.074749,0.725342,6,P
0.234522,-0.253832,-0.250951,0.20821,7.73984,2.472554,0.668408,5,N
0.332401,0.038656,0.356751,-0.023819,0.436793,5.034583,0.796132,7,P
-0.226527,-0.340398,-0.448334,-0.405399,0.617275,1.303721,0.852085,8,
0.435373,-0.406931,0.225146,-0.436069,9.998137,1.846822,0.434671,5,N
-0.007462,0.258553,0.263802,-0.459599,7.814622,0.093065,0.672723,7,N
0.211049,-0.106873,0.049717,0.385467,0.646093,0.085953,0.251893,6,P
-0.166106,0.164284,-0.452617,0.456758,1.232268,4.049362,0.719827,6,N
0.104937,-0.401283,-0.200084,-0.103792,0.310614,0.804354,0.563987,6,P
-0.350784,0.110465,0.438917,0.359058,3.922174,2.178416,0.846058,7,P
0.177028,-0.288217,-0.425032,-0.236422,0.77094,0.116538,0.577257,7,P
-0.148071,0.429714,0.445755,-0.0898,7.688761,2.866064,0.941746,5,N
0.111151,-0.141251,-0.10423,0.266406,1.261505,2.386162,0.925985,8,P
0.166083,-0.176467,0.254546,0.470143,0.987102,2.501689,0.785276,7,P
-0.174576,0.009287,0.406114,-0.139321,4.493539,1.740451,0.694789,5,P
-0.374834,0.221931,-0.391028,-0.001612,5.365054,5.536827,0.805273,5,N
0.036888,0.090355,-0.436215,0.489787,3.140278,0.173582,0.482826,6,P
0.458634,-0.049761,-0.398052,-0.352038,0.19447,0.485114,0.736991,8,P
-0.399264,-0.342043,0.301731,0.394883,2.569392,4.611306,0.49028,8,N
-0.411547,0.395411,-0.346766,0.391884,2.834179,0.392292,0.899369,6,P
0.403426,-0.308912,-0.487576,0.231119,10.507082,3.453428,0.378496,8,N
-0.256615,-0.442716,-0.153831,-0.346317,1.165134,1.18264,0.546205,7,P
-0.425409,0.124378,-0.331855,-0.2306,0.116755,2.550078,0.741575,5,P
0.098264,-0.233986,-0.385962,-0.397072,2.291374,0.047757,0.809236,7,P
-0.360783,-0.429728,-0.027388,-0.214846,5.510491,0.796863,0.286471,5,P
0.113694,-0.430109,0.396452,0.140136,4.640467,2.965666,0.61637,6,N
-0.165319,0.325027,0.426681,0.359344,1.534512,0.852813,0.730788,7,P
0.485577,0.431483,0.354133,0.386116,5.47842,5.506816,0.784531,6,N
0.037846,-0.438142,0.058694,0.446097,0.242922,8.36751,0.944403,5,N
-0.234475,0.076647,0.327366,-0.413824,1.035966,0.103114,0.863155,7,P
-0.161705,-0.035886,0.103248,0.496519,1.66336,1.805994,0.83974,8,P
-0.125691,0.239958,0.44581,0.38491,0.410904,2.490859,0.669149,5,P
0.3439,0.441741,-0.061382,0.290802,0.539755,3.308418,0.811937,5,P
-0.49228,-0.457836,-0.469984,-0.059132,2.070996,1.367234,0.581549,6,P
-0.244823,-0.015832,-0.372977,0.011578,0.004995,0.493505,0.623186,6,P
-0.271494,0.136007,0.36188,-0.499607,1.052651,0.104403,0.732254,8,P
0.340975,0.359909,-0.209564,-0.306107,5.540296,1.4743,0.717777,8,P
-0.373381,0.385421,-0.043038,-0.046276,4.128981,5.039548,0.77354,8,N
0.251212,-0.445441,0.267305,0.240447,1.996574,2.442953,0.546683,5,P
-0.350739,0.126829,-0.075547,0.393264,5.38704,12.590145,0.686338,5,N
-0.087549,0.448387,-0.146505,-0.483004,0.083496,0.841149,0.266714,8,P
-0.43079,0.37744,0.370286,-0.225599,3.486448,0.590413,0.558155,6,P
0.3278,-0.318685,-0.369929,-0.110563,5.869626,2.042773,0.296875,5,N
-0.22775,0.005832,0.256464,0.284884,5.119886,2.512877,0.842487,7,P
0.130856,0.347241,0.227976,-0.32092,1.856555,0.743163,0.679083,5,P
0.443281,0.144872,-0.347407,0.124175,1.731962,5.787591,0.699631,8,N
0.092012,0.206318,0.222036,-0.13909,1.830502,4.689025,0.437157,5,N
0.331443,-0.420186,-0.018436,0.26742,9.440385,9.190184,0.730458,5,N
0.087859,0.064241,0.326756,-0.36591,13.106749,6.653088,0.131723,6,N
-0.432798,0.179984,-0.268693,0.456988,0.198514,7.699649,0.713702,8,N
0.332689,-0.236181,0.414228,,0.52436,9.454537,0.717826,8,N
-0.310352,0.443241,0.193871,0.164116,7.120084,0.406728,0.521689,5,N
-0.370929,0.088139,-0.297755,0.487886,0.440687,4.991015,0.497748,6,N
0.189056,0.226788,0.105535,-0.350217,2.85472,2.243292,0.780087,6,P
0.033732,0.318513,0.373996,0.167871,4.803732,11.658121,0.471677,8,N
-0.271688,-0.445304,-0.001478,-0.287056,0.325078,5.360187,0.592632,8,N
-0.128329,0.415419,0.060378,0.005411,2.259531,0.162401,0.658696,8,P
0.103721,-0.463427,-0.321677,0.132103,2.910891,0.687622,0.866456,5,P
0.045619,-0.305913,-0.089733,0.380257,2.849792,5.090025,0.490264,8,N
-0.495101,-0.331506,-0.460325,0.41529,1.076913,1.271113,0.816064,6,P
0.103879,-0.234491,-0.00051,-0.065704,4.206167,4.641343,0.27028,8,N
-0.074448,-0.455529,-0.018142,-0.304014,1.855838,1.94511,0.962137,6,P
0.308761,-0.11604,0.222373,-0.27017,2.629307,1.976974,0.67186,7,P
0.446167,-0.350753,0.08251,0.205339,0.197479,6.282266,0.797131,5,N
-0.339648,0.340485,0.470861,0.01016,4.564438,3.170993,0.687967,8,P
-0.184479,-0.274438,0.172449,0.400072,2.172693,1.413485,0.604748,7,P
0.366905,0.360049,0.314684,0.141458,1.482557,1.185626,0.712742,6,P
0.428246,-0.358049,0.143738,0.285054,1.911697,2.808129,0.766917,6,P
-0.240464,-0.349827,0.392633,0.090112,0.462638,0.824132,0.571216,6,P
-0.03483,-0.321135,-0.062251,-0.354011,1.722458,0.13627,0.665165,7,P
-0.030218,0.380895,-0.375101,0.166318,3.689677,3.590104,0.633476,7,N
0.124999,0.373487,0.292994,0.050873,3.400914,4.237974,0.282245,6,N
-0.448884,0.025615,0.288705,-0.108215,1.755312,4.637429,0.809357,6,P
0.419782,0.264538,-0.242809,0.306229,2.744876,5.691109,0.590356,5,N
0.158281,-0.398718,-0.342354,0.145231,0.942675,2.60021,0.75451,5,P
-0.486715,0.21193,0.159717,0.024857,2.060185,3.851623,0.447466,6,N
0.048062,-0.11472,-0.284171,-0.382214,0.785471,0.103752,0.265633,8,P
0.308859,0.114298,-0.354563,-0.388831,4.711859,4.350265,0.27513,6,N
0.30772,0.357358,0.069036,0.055716,5.930816,2.152051,0.809346,6,N
0.090213,0.112292,0.442666,-0.418498,0.382984,1.698403,0.884142,6,P
-0.162968,-0.434083,0.011565,0.423458,10.64339,7.340959,0.234974,7,N
0.222203,0.300978,0.391015,-0.107165,0.186977,0.428752,0.134865,8,P
-0.37302,-0.111745,-0.116724,-0.241072,1.531228,0.248321,0.729841,5,P
-0.262134,0.169342,0.481391,0.010561,1.500368,2.313244,0.761886,6,P
0.199956,-0.363377,-0.164132,0.139813,4.426003,0.548003,0.763119,7,P
-0.065111,-0.383052,-0.211327,0.202885,0.601576,5.645215,0.943676,5,N
0.277864,-0.342465,0.193259,0.364645,5.13648,2.937237,0.286378,8,N
-0.221522,-0.106707,0.324502,0.139961,0.836442,2.355436,0.796623,8,P
0.003837,0.096489,0.07721,0.445695,7.936408,0.860026,0.729378,6,N
-0.370332,0.464608,-0.196607,0.118338,1.804775,0.889174,0.714244,7,P
-0.488447,-0.102027,0.389338,-0.041639,0.696635,0.401066,0.682625,5,P
0.43479,-0.454094,0.469856,0.209624,3.614384,0.845057,0.584241,8,P
,-0.236022,0.183786,0.121574,3.553872,0.523813,0.910312,6,P
0.077896,0.414646,0.33227,-0.120178,3.655409,1.239439,0.698781,5,P
-0.311322,-0.077446,-0.08637,-0.093344,5.045351,8.810518,0.586763,7,N
0.038076,0.075211,-0.336785,0.418796,6.947931,1.605719,0.806298,7,N
0.17428,-0.002761,-0.344613,-0.101751,2.53993,5.01269,0.53815,7,N
-0.34746,0.084633,-0.40144,0.106343,0.948488,1.615115,0.248944,6,P
0.467625,0.171312,-0.025713,0.350083,0.643128,0.268275,0.64508,6,P
-0.48482,-0.391935,-0.326592,-0.159214,2.361008,,0.816842,6,P
-0.415564,-0.134881,-0.338159,-0.323137,1.770774,3.191643,0.403399,6,P
-0.488812,0.058802,0.047662,0.386026,0.020516,2.528721,0.536313,8,P
0.147421,-0.27896,0.29906,-0.257889,3.703602,1.251725,0.307448,8,P
0.474758,0.314726,0.440561,0.397798,7.220796,4.258354,0.486152,7,N
-0.02426,0.352759,-0.179574,0.05326,1.869354,0.065585,0.850876,5,P
-0.242958,-0.394421,-0.482566,0.079935,0.975653,0.694871,0.227733,8,P
0.497152,-0.078135,-0.330877,-0.331327,2.557028,3.811537,0.613371,7,N
-0.460935,0.465793,-0.123281,-0.338608,0.439717,1.629399,0.305357,5,P
-0.007356,0.39108,0.357014,-0.097148,4.297165,5.860903,0.553644,6,N
0.379576,0.000609,0.013365,0.264727,0.714122,0.20125,0.625695,7,P
-0.378783,0.494208,-0.104995,0.212455,9.280937,2.367794,0.709076,7,N
-0.077421,-0.407425,-0.207459,0.166519,1.910847,0.911282,0.201964,7,P
0.469593,0.206321,0.359087,0.26713,2.998477,5.657229,0.475922,6,N
0.109765,-0.476459,0.032633,0.270853,5.356794,3.114916,0.775952,8,N
0.02818,0.170329,-0.159207,-0.021257,7.251848,0.135803,0.620514,7,N
-0.420543,0.42915,-0.104277,-0.154306,0.212648,0.64997,0.662574,7,P
0.187767,0.059099,-0.091256,-0.354646,1.0438,1.035137,0.84345,8,P
0.410067,0.360988,-0.230894,-0.011946,0.804886,2.278835,0.848284,7,P
-0.093943,-0.172935,-0.365695,0.174312,2.53557,11.326387,0.763709,8,N
0.0876,-0.199299,0.115695,0.067011,2.147919,6.081938,0.416622,8,N
0.281181,-0.315612,-0.496447,0.352032,8.784969,0.574159,0.404781,5,N
0.498521,-0.137201,0.091599,0.01998,0.577879,6.183767,0.852558,5,N
0.277499,-0.266418,0.451331,0.12779,2.972196,0.407297,0.739847,7,P
0.490756,-0.023639,-0.122837,0.164367,6.12211,4.170423,0.54383,8,N
-0.251987,0.346326,-0.144274,-0.136547,1.197852,4.16425,0.607128,8,P
0.062729,-0.337832,0.333483,-0.259616,5.516639,2.153064,0.674251,5,N
-0.229348,-0.052271,-0.045597,-0.076743,0.575126,0.581261,0.405835,5,P
0.011684,0.321471,-0.01761,-0.308215,1.411275,0.774838,0.899225,8,P
-0.176519,0.008834,-0.425212,-0.191038,8.427583,2.398505,0.741677,5,N
0.149971,-0.461054,0.043929,0.382465,1.875839,2.326485,0.567006,6,P
0.333136,-0.020498,-0.024735,0.237392,2.810893,5.974269,0.704616,8,N
-0.040527,0.330001,-0.084665,-0.034248,3.40839,0.378257,0.32544,8,P
-0.190942,-0.426615,-0.285594,0.048363,0.933674,2.951829,0.762201,5,P
-0.426204,0.273712,0.334693,-0.169523,2.100415,5.493875,0.477734,5,N
-0.01757,-0.411864,-0.115832,0.425825,1.150024,2.955654,0.400779,8,P
-0.157602,-0.175027,0.033931,-0.416453,7.511416,0.647978,0.635326,8,N
0.091204,0.362848,-0.381167,0.022757,3.033111,2.34675,0.295344,8,N
-0.13493,0.329888,-0.345041,0.490718,2.788691,0.743349,0.817723,6,P
-0.144833,0.486034,-0.243299,-0.279102,0.217818,1.070212,0.206896,6,P
0.054774,0.308511,0.489111,-0.351327,3.963127,1.374757,0.64695,8,P
0.045543,0.076766,0.002399,-0.204831,1.700298,0.389422,0.629393,8,P
0.149457,-0.367563,0.001697,0.355203,2.115609,2.083808,0.84265,8,P
-0.387808,0.094189,-0.184433,0.225391,1.395649,0.50541,0.883718,7,P
0.271161,0.273689,-0.472111,0.378336,6.094719,3.020796,0.310418,5,N
-0.339508,0.213709,-0.405606,0.123281,11.284327,0.713374,0.790787,8,N
0.466632,-0.354473,-0.466688,0.196002,4.125515,3.762623,0.869381,8,N
-0.001111,-0.274017,-0.028389,0.203235,2.91789,1.784171,0.50293,6,P
0.152736,0.420811,-0.04232,-0.14839,2.231555,1.646375,0.70648,8,P
0.218678,-0.161968,0.466505,-0.327037,0.175802,0.428267,0.847949,5,P
0.160016,-0.33057,-0.476284,0.253455,0.069651,0.178474,0.660147,5,P
-0.162428,-0.437683,0.45272,-0.395148,2.691949,3.474152,0.446241,8,N
0.288501,0.041064,0.050516,0.447047,4.911952,5.776849,0.521695,6,N
0.077804,-0.473535,0.436856,-0.318326,0.169879,1.659769,0.480746,8,P
-0.233,-0.073529,-0.132266,-0.006399,2.970822,1.139418,0.433666,5,P
-0.278717,0.416286,-0.060418,0.201565,1.67749,0.363938,0.273154,5,P
0.164733,-0.140108,0.057905,0.080034,2.172498,1.05602,0.520119,5,P
-0.163326,-0.440621,-0.193583,-0.481891,2.515675,3.36069,0.58684,7,N
0.040762,-0.036469,-0.163469,-0.018755,3.148737,4.226676,0.805497,6,N
-0.078863,-0.336297,0.036216,0.054711,1.247593,2.332311,0.446974,8,P
0.237299,0.075018,0.450663,0.101232,1.189478,5.486042,0.610578,5,N
0.400282,-0.26764,0.154921,0.288158,1.344759,7.458398,0.59241,5,N
-0.357989,0.079089,-0.282728,-0.478682,0.365403,4.77129,0.728312,6,P
-0.204316,-0.171279,0.182008,-0.060455,1.840478,3.298102,0.924523,8,P
-0.464933,0.343694,0.390474,-0.279798,0.001523,2.957925,0.980692,5,P
-0.023284,-0.236489,0.093459,0.11899,2.014116,0.371295,0.694431,5,P
-0.371727,-0.472663,0.082303,0.152143,2.5134,2.599895,0.454615,5,P
-0.456517,-0.32198,0.189155,-0.122178,1.500022,2.481922,0.336806,5,P
0.464741,0.41405,0.229407,0.120579,1.643933,0.524438,0.764184,5,P
-0.448666,-0.42939,0.251107,0.464082,3.588107,9.161765,0.345092,7,N
-0.276024,-0.304407,0.055842,-0.084027,4.37232,6.025648,0.654045,6,N
-0.118845,-0.326446,0.260372,-0.407029,1.29034,2.998155,0.701157,7,P
0.300037,0.421118,0.368799,0.419142,5.962919,0.317855,0.82293,7,P
-0.003195,-0.00765,-0.048364,0.354637,2.022636,1.668462,0.382551,8,P
0.118719,0.044206,0.222792,-0.192215,0.212442,2.385342,0.618547,6,P
-0.094119,-0.426081,-0.122099,0.091038,4.870542,3.201716,0.781855,8,N
-0.447561,-0.134542,0.05648,0.292403,3.170375,1.557183,0.609786,5,P
-0.456057,0.046824,0.05849,0.134618,3.05866,1.15117,0.764197,7,P
0.32517,0.131597,0.249689,0.323902,0.642907,0.62036,0.632522,-9999999,P
0.226249,0.027476,-0.110972,-0.164171,7.839582,1.031911,0.487763,8,N
-0.445339,-0.070024,-0.136243,-0.263818,1.563164,5.699711,0.656825,7,N
0.291288,0.41927,-0.294084,-0.176782,29.7084,2.163857,0.191479,5,N
0.199487,0.181451,-0.15761,0.449158,3.93091,1.125921,0.344388,8,N
0.322072,-0.16392,0.398007,0.167324,3.847558,0.037262,0.732504,7,P
-0.40398,0.45079,-0.340447,0.344229,0.826763,5.06831,0.482471,7,N
-0.368071,0.296628,0.058783,-0.151433,4.456059,2.861639,0.813291,8,N
0.387421,0.120288,-0.283013,-0.493851,1.633187,1.463362,0.793987,5,P
-0.321787,-0.490441,0.453111,0.168085,5.589501,4.971633,0.295361,6,N
0.235634,0.325625,0.468141,-0.470604,3.156103,1.889496,0.789727,5,P
0.298081,-0.436222,0.351814,0.130707,3.327116,0.30649,0.422981,8,P
0.131784,-0.193143,0.012426,-0.172345,0.688439,4.040511,0.468191,7,P
-0.138794,0.044267,0.285214,0.064905,3.09811,0.884673,0.643037,6,P
0.301484,-0.197821,-0.004398,0.109634,0.320315,3.298922,0.592945,6,P
,0.369531,0.369184,-0.487604,3.528446,0.358143,0.38412,6,P
-0.434651,0.155295,-0.201784,,0.501049,0.351948,0.601253,7,P
0.303579,0.240518,0.00618,0.318314,8.759827,1.710805,0.600039,8,N
-0.34628,-0.07975,-0.185594,-0.349063,4.136125,3.337514,0.358444,5,N
-0.219619,-0.17541,-0.029811,-0.03725,8.090283,13.275875,0.552367,6,N
-0.236368,-0.366306,-0.265298,0.078205,0.31929,0.995862,0.555547,5,P
0.103187,-0.471575,0.425869,0.042689,1.65243,5.034062,0.369983,5,N
-0.398279,-0.460922,0.361527,0.100043,0.331978,1.960289,0.751456,8,P
-0.126555,0.487392,0.380864,-0.229037,1.573103,2.84287,0.834322,5,P
-0.48422,0.167323,0.285656,0.008048,0.889853,1.522957,0.890381,6,P
0.189515,-0.425074,0.482168,0.074654,3.667336,0.412101,0.406325,7,P
0.406873,0.22719,0.137112,-0.308989,0.856476,0.7258,0.897021,8,P
-0.294294,0.324875,0.403278,-0.278043,0.306629,1.06689,0.513473,7,P
0.439546,-0.089984,-0.286606,0.199112,3.900647,3.805708,0.550396,7,N
0.2152,-0.25612,0.07878,-0.380302,5.353782,1.352043,0.647675,5,N
-0.344919,-0.294545,-0.033528,0.364552,0.360653,2.896603,0.780142,7,P
-0.271605,-0.093492,0.451085,-0.009137,5.47741,3.31417,0.75761,8,N
-0.295977,0.297564,0.470408,0.203264,1.008369,5.659589,0.228257,6,N
-0.416246,-0.410307,-0.329356,-0.383167,2.848783,2.168638,0.640079,8,P
0.28821,-0.301822,-0.498335,0.34029,0.124121,24.032975,0.502473,6,N
-0.112127,0.072046,-0.144795,-0.326843,0.058028,0.404329,0.353056,8,P
0.27996,0.39575,-0.069994,0.480077,10.783183,2.070451,0.830232,7,N
-0.016898,0.269789,0.129435,0.23593,0.080934,2.053964,0.76381,5,P
,0.416681,-0.343381,0.446991,3.534262,1.234654,0.854068,6,P
-0.004289,0.371369,0.38065,0.066356,4.200981,1.395582,0.235242,7,P
0.199303,-0.282787,0.243618,-0.176959,1.576402,1.483737,0.796675,8,P
0.161752,-0.237428,0.466885,0.224701,2.063231,1.684463,0.472631,8,P
-0.380447,0.375298,-0.266837,0.046834,12.749319,0.974621,0.479325,8,N
0.34427,0.398541,-0.334792,-0.345952,5.070458,2.737116,0.332866,7,N
