median_house_value,median_income,housing_median_age,total_rooms,total_bedrooms,population,households,latitude,binaryClass
452600,8.3252,41,880,129,322,126,37.88,P
358500,8.3014,21,7099,1106,2401,1138,37.86,P
352100,7.2574,52,1467,190,496,177,37.85,P
341300,5.6431,52,1274,235,558,219,37.85,P
342200,3.8462,52,1627,280,565,259,37.85,P
269700,4.0368,52,919,213,413,193,37.85,P
299200,3.6591,52,2535,489,1094,514,37.84,P
241400,3.12,52,3104,687,1157,647,37.84,P
226700,2.0804,42,2555,665,1206,595,37.84,P
261100,3.6912,52,3549,707,1551,714,37.84,P
281500,3.2031,52,2202,434,910,402,37.85,P
241800,3.2705,52,3503,752,1504,734,37.85,P
213500,3.075,52,2491,474,1098,468,37.85,P
191300,2.6736,52,696,191,345,174,37.84,P
159200,1.9167,52,2643,626,1212,620,37.85,P
140000,2.125,50,1120,283,697,264,37.85,P
152500,2.775,52,1966,347,793,331,37.85,P
155500,2.1202,52,1228,293,648,303,37.85,P
158700,1.9911,50,2239,455,990,419,37.84,P
162900,2.6033,52,1503,298,690,275,37.84,P
147500,1.3578,40,751,184,409,166,37.85,P
159800,1.7135,42,1639,367,929,366,37.85,P
113900,1.725,52,2436,541,1015,478,37.84,P
99700,2.1806,52,1688,337,853,325,37.84,P
132600,2.6,52,2224,437,1006,422,37.84,P
107500,2.4038,41,535,123,317,119,37.85,P
93800,2.4597,49,1130,244,607,239,37.85,P
105500,1.808,52,1898,421,1102,397,37.85,P
108900,1.6424,50,2082,492,1131,473,37.84,P
132000,1.6875,52,729,160,395,155,37.84,P
122300,1.9274,49,1916,447,863,378,37.84,P
115200,1.9615,52,2153,481,1168,441,37.84,P
110400,1.7969,48,1922,409,1026,335,37.84,P
104900,1.375,49,1655,366,754,329,37.83,P
109700,2.7303,51,2665,574,1258,536,37.83,P
97200,1.4861,49,1215,282,570,264,37.83,P
104500,1.0972,48,1798,432,987,374,37.83,P
103900,1.4103,52,1511,390,901,403,37.83,P
191400,3.48,52,1470,330,689,309,37.83,P
176000,2.5898,52,2432,715,1377,696,37.83,P
155400,2.0978,52,1665,419,946,395,37.83,P
150000,1.2852,51,936,311,517,249,37.83,P
118800,1.025,49,713,202,462,189,37.84,P
188800,3.9643,52,950,202,467,198,37.84,P
184400,3.0125,52,1443,311,660,292,37.83,P
182300,2.6768,52,1656,420,718,382,37.83,P
142500,2.026,50,1125,322,616,304,37.83,P
137500,1.7348,43,1007,312,558,253,37.82,P
187500,0.9506,40,624,195,423,160,37.82,P
112500,1.775,40,946,375,700,352,37.82,P
171900,0.9218,21,896,453,735,438,37.82,P
93800,1.5045,43,1868,456,1061,407,37.82,P
97500,1.1108,41,3221,853,1959,720,37.82,P
104200,1.2475,52,1630,456,1162,400,37.82,P
87500,1.6098,52,1170,235,701,233,37.82,P
83100,1.4113,52,945,243,576,220,37.82,P
87500,1.5057,52,1238,288,622,259,37.82,P
85300,0.8172,52,1489,335,728,244,37.82,P
80300,1.2171,52,1387,341,1074,304,37.82,P
60000,2.5625,2,158,43,94,57,37.82,P
75700,3.3929,52,1121,211,554,187,37.83,P
75000,6.1183,49,135,29,86,23,37.82,P
86100,0.9011,50,760,190,377,122,37.81,P
76100,1.191,52,1224,237,521,159,37.81,P
73500,2.5938,48,828,182,392,133,37.81,P
78400,1.1667,52,1010,209,604,187,37.81,P
84400,0.8056,48,1455,354,788,332,37.81,P
81300,2.6094,52,1027,244,492,147,37.8,P
85000,1.8516,52,572,109,274,82,37.81,P
129200,0.9802,46,2801,644,1823,611,37.81,P
82500,1.7719,26,768,152,392,127,37.81,P
95200,0.7286,46,935,297,582,277,37.81,P
75000,1.75,49,844,204,560,152,37.81,P
67500,0.4999,46,12,4,18,7,37.81,P
137500,2.483,20,835,161,290,133,37.81,P
177500,0.9241,17,1237,462,762,439,37.81,P
102100,2.4464,36,2914,562,1236,509,37.81,P
108300,1.1111,19,1207,243,721,207,37.81,P
112500,0.8026,23,1745,374,1054,325,37.81,P
131300,2.0114,38,684,176,344,155,37.8,P
162500,1.5,17,924,289,609,289,37.81,P
112500,1.1667,52,210,56,183,56,37.81,P
112500,1.5208,52,340,97,200,87,37.81,P
137500,0.8075,52,386,164,346,155,37.81,P
118800,1.8088,35,948,184,467,169,37.81,P
98200,2.4083,52,773,143,377,115,37.81,P
118800,0.977,40,880,451,582,380,37.81,P
162500,0.76,10,875,348,546,330,37.81,P
137500,0.9722,10,105,42,125,39,37.8,P
500001,1.2434,52,249,78,396,85,37.8,P
162500,2.0938,16,994,392,800,362,37.8,P
137500,0.8668,52,215,87,904,88,37.8,P
162500,0.75,52,96,31,191,34,37.8,P
187500,2.6354,27,1055,347,718,302,37.79,P
179200,1.8477,39,1715,623,1327,467,37.8,P
130000,2.0096,36,5329,2477,3469,2323,37.8,P
183800,2.8345,31,4596,1331,2048,1180,37.82,P
125000,2.0062,29,335,107,202,91,37.81,P
170000,1.2185,22,3682,1270,2024,1250,37.82,P
193100,2.6104,37,3633,1085,1838,980,37.82,P
257800,2.4912,29,4656,1414,2304,1250,37.81,P
273400,3.2177,28,5806,1603,2563,1497,37.81,P
237500,3.125,39,854,242,389,228,37.81,P
350000,2.5795,52,2155,701,895,613,37.81,P
335700,2.8406,34,5871,1914,2689,1789,37.81,P
313400,4.9306,52,1509,225,674,244,37.82,P
268500,3.2727,52,2026,482,709,456,37.81,P
259400,3.1691,52,1758,460,686,422,37.81,P
275700,3.9,52,3481,751,1444,718,37.82,P
225000,3.9063,28,3337,855,1520,802,37.82,P
262500,5.0917,52,1424,289,550,253,37.82,P
218500,2.6429,32,3809,1098,1806,1022,37.82,P
255000,3.0233,26,3959,1196,1749,1217,37.82,P
224100,3.1484,52,2376,559,939,519,37.83,P
243100,3.4722,35,1613,428,675,422,37.83,P
231600,3.1429,52,1279,287,534,291,37.83,P
218500,2.4234,28,5022,1750,2558,1661,37.83,P
234100,3.0897,52,4190,1105,1786,1037,37.83,P
327600,5.8596,50,2515,399,970,373,37.84,P
347600,5.2868,47,3175,454,1098,485,37.84,P
366100,5.956,41,2576,406,794,376,37.83,P
335000,4.9643,37,334,54,98,47,37.85,P
373600,6.3434,52,2800,411,1061,403,37.85,P
389500,5.1773,52,3529,574,1177,555,37.84,P
391100,7.2354,52,2612,365,901,367,37.85,P
337300,5.457,28,5287,1048,2031,956,37.85,P
295200,7.5,50,2935,473,1031,479,37.84,P
292300,6.0194,44,3424,597,1358,597,37.84,P
411500,7.5544,40,4991,674,1616,654,37.83,P
311500,6.0666,30,2211,346,844,343,37.84,P
325900,7.0548,34,3038,490,1140,496,37.84,P
392600,11.6017,18,1617,210,533,194,37.84,P
319300,7.4882,35,2865,460,1072,443,37.84,P
333300,6.8976,34,5065,788,1627,766,37.83,P
335200,8.2049,28,1326,184,463,190,37.83,P
351200,8.401,26,1589,223,542,211,37.83,P
368900,6.8538,29,1791,271,661,269,37.83,P
365900,8.317,32,1835,264,635,263,37.82,P
366700,7.0175,37,1229,181,420,176,37.82,P
362800,6.3302,39,3770,534,1265,500,37.82,P
483300,6.3624,30,292,38,126,52,37.81,P
331400,7.0549,52,2375,333,813,350,37.82,P
323500,6.7851,45,2964,436,1067,426,37.81,P
216700,2.8929,50,2833,605,1260,552,37.8,P
233100,3.0812,38,2254,535,951,487,37.8,P
296400,5.2402,52,1389,212,510,224,37.81,P
273700,6.5217,52,1971,335,765,308,37.81,P
227700,3.2632,52,2183,465,1129,460,37.8,P
199600,3.0298,52,2286,464,1073,441,37.8,P
239800,4.5428,52,2721,541,1185,515,37.8,P
270100,4.072,52,2024,339,756,340,37.81,P
302100,5.3509,52,2944,536,1034,521,37.81,P
269500,3.1603,52,2033,486,787,459,37.8,P
314700,4.7708,52,1433,229,612,213,37.81,P
390100,8.1564,52,2927,402,1021,380,37.81,P
410300,8.8793,52,2315,292,861,258,37.81,P
352400,6.8591,52,2485,313,953,327,37.81,P
287300,6.0302,52,1490,238,634,256,37.81,P
348700,7.508,52,2814,365,878,352,37.81,P
243800,2.7477,52,2093,550,918,483,37.81,P
211500,2.1944,52,888,168,360,175,37.8,P
218400,3.0149,52,2087,510,1197,488,37.8,P
269900,3.675,52,2513,502,1048,518,37.81,P
218800,3.225,46,3232,835,1373,747,37.81,P
225000,2.9345,42,4120,1065,1715,1015,37.8,P
250000,2.1429,43,2364,792,1359,722,37.8,P
171400,1.6121,41,1471,469,1062,413,37.8,P
193800,1.3929,29,2468,864,1335,773,37.8,P
125000,2.3173,27,1632,492,1171,429,37.79,P
97500,1.7772,45,1786,526,1475,460,37.79,P
125000,2.6458,50,629,188,742,196,37.79,P
138800,2.181,52,1339,391,1086,363,37.79,P
116700,2.2303,36,1678,606,1645,543,37.8,P
151800,1.6504,43,2344,647,1710,644,37.8,P
127000,2.2697,52,996,228,731,228,37.8,P
128600,2.1563,52,1591,373,1118,347,37.8,P
140600,2.1348,52,1586,398,1006,335,37.8,P
182700,2.6292,47,2046,588,1213,554,37.8,P
146900,2.3833,52,1192,289,772,257,37.8,P
122800,2.957,52,1803,420,1321,401,37.8,P
169300,2.5238,49,2838,749,1487,677,37.8,P
126600,1.9375,52,783,184,488,186,37.8,P
127900,1.9028,51,1590,414,949,392,37.8,P
123500,2.25,50,1746,480,1149,415,37.8,P
111900,2.3929,52,1252,299,844,280,37.8,P
112800,2.1917,43,5963,1344,4367,1231,37.79,P
107900,2.9357,52,1783,395,1659,412,37.79,P
137500,1.8854,30,999,264,1011,263,37.79,P
105500,2.1638,39,1469,431,1464,389,37.79,P
95500,2.125,47,1372,395,1237,303,37.79,P
116100,3.375,52,674,180,647,168,37.79,P
112200,2.2542,43,1626,376,1284,357,37.79,P
75000,2.1,51,175,43,228,55,37.79,P
112500,1.6,39,461,129,381,123,37.79,P
125000,3.625,52,902,237,846,227,37.79,P
115000,1.6929,20,2373,779,1659,676,37.8,P
95000,1.6471,52,391,128,520,138,37.77,P
96400,2.59,52,1137,301,866,259,37.77,P
72000,2.57,52,769,206,612,183,37.77,P
71300,2.6429,52,472,146,415,126,37.78,P
80800,3.0257,52,862,215,994,213,37.78,P
128800,1.4886,50,1920,530,1525,477,37.78,P
112500,1.9338,43,1420,472,1506,438,37.78,P
119400,1.4844,52,986,258,1008,255,37.78,P
118100,1.6009,44,2340,825,2813,751,37.78,P
122500,2.0375,48,1696,396,1481,343,37.79,P
106300,2.293,49,1175,217,859,219,37.79,P
132500,2.1494,37,2343,574,1608,523,37.79,P
122700,1.6198,30,610,145,425,140,37.79,P
113300,1.3281,40,930,199,564,184,37.79,P
109500,3.5156,44,1487,314,961,272,37.79,P
164700,3.9048,52,3424,690,2273,685,37.79,P
125000,3.0893,52,762,190,600,195,37.79,P
124700,2.6042,46,2366,575,1647,527,37.79,P
136700,2.5,49,1826,450,1201,424,37.79,P
141700,2.7969,38,3049,711,2167,659,37.79,P
150000,2.8321,29,1640,376,939,340,37.79,P
138800,2.9583,47,1543,307,859,292,37.79,P
139200,2.8365,34,2364,557,1517,516,37.79,P
143800,2.875,35,1745,409,1143,386,37.79,P
156500,3.0682,39,2003,500,1109,464,37.8,P
151000,3.0757,39,2018,447,1221,446,37.8,P
273000,4.9559,43,3045,499,1115,455,37.8,P
217100,4.7721,52,1547,293,706,268,37.8,P
187100,3.4861,52,3519,711,1883,706,37.8,P
239600,5.1184,41,2070,354,804,340,37.8,P
229700,4.0977,48,1321,263,506,252,37.8,P
257300,4.744,48,1694,259,610,238,37.8,P
246900,4.2727,46,1938,341,768,332,37.8,P
179900,2.9844,50,968,195,462,184,37.79,P
169600,4.1739,40,1060,256,667,235,37.79,P
203300,3.8487,46,2041,405,1059,399,37.8,P
263400,4.0114,52,1813,271,637,277,37.8,P
231800,4.6563,45,2718,451,1106,454,37.79,P
140500,2.9297,28,3144,761,1737,669,37.79,P
126000,2.3036,35,1802,459,1009,390,37.79,P
122000,2.6667,49,882,195,737,210,37.79,P
134700,2.619,44,1621,452,1354,491,37.79,P
139400,2.4167,45,2115,533,1530,474,37.79,P
115400,2.7788,45,2021,528,1410,480,37.79,P
137300,2.7352,46,2239,508,1390,569,37.78,P
137000,1.8472,52,1477,300,1065,269,37.78,P
142600,2.6583,52,1056,224,792,245,37.78,P
137500,3.0536,49,898,244,779,245,37.78,P
111700,2.3906,44,2968,710,2269,610,37.78,P
126800,1.7188,43,1702,460,1227,407,37.78,P
111300,2.625,47,881,248,753,241,37.78,P
114800,2.8015,40,494,114,547,135,37.77,P
102300,1.7276,50,1776,473,1807,440,37.78,P
131900,2.0801,44,1678,514,1700,495,37.78,P
119100,2.489,51,1637,463,1543,393,37.78,P
80600,1.7546,52,1420,314,1085,300,37.76,P
80600,4.0904,52,591,173,353,137,37.77,P
88800,2.6765,52,745,153,473,149,37.77,P
102400,2.4338,49,2272,498,1621,483,37.77,P
98700,2.3309,46,1234,375,1183,354,37.77,P
100000,2.2604,43,1017,328,836,277,37.77,P
92300,1.8039,42,932,254,900,263,37.77,P
94800,2.2562,39,2689,597,1888,537,37.77,P
102000,2.0562,41,1547,415,1024,341,37.77,P
158400,3.5398,52,2300,443,1225,423,37.78,P
121600,3.1167,39,1752,399,1071,376,37.78,P
129100,2.5401,50,1867,403,1128,378,37.78,P
121400,2.898,43,2430,502,1537,484,37.77,P
102800,2.3125,44,1729,414,1240,393,37.78,P
160000,2.875,52,1026,180,469,168,37.78,P
143900,3.3715,52,2170,428,1086,425,37.77,P
151200,3.5114,52,2329,445,1144,417,37.77,P
164400,4.3125,52,2492,415,1109,375,37.78,P
156500,3.22,52,2198,397,984,369,37.78,P
225000,3.875,33,142,31,575,47,37.78,P
174200,5.2328,49,1183,205,496,209,37.78,P
166900,3.7262,52,1070,193,555,190,37.78,P
163500,4.5893,45,1766,332,869,327,37.78,P
253000,5.2578,39,617,95,236,106,37.79,P
240700,7.0875,41,1411,233,626,214,37.79,P
208100,3.9712,46,2109,387,922,329,37.79,P
198100,2.9514,47,1229,243,582,256,37.79,P
172800,2.6667,50,954,217,546,201,37.79,P
336700,5.4446,37,1643,262,620,266,37.81,P
318200,6.2838,34,1355,195,442,195,37.8,P
285800,6.7527,23,2317,336,955,328,37.8,P
293000,7.0712,24,2459,317,916,324,37.77,P
371000,5.9849,22,12842,2048,4985,1967,37.79,P
157300,3.6875,42,1524,260,651,267,37.78,P
135300,2.875,30,3326,746,1704,703,37.77,P
136700,3.4205,43,1985,440,1085,407,37.78,P
160700,3.2984,50,1642,322,713,284,37.78,P
140600,3.875,49,893,177,468,181,37.78,P
144000,4.175,52,653,128,296,121,37.78,P
161900,4.375,47,1256,217,570,218,37.77,P
156300,4.7708,48,977,194,446,180,37.77,P
176000,3.5739,45,2324,397,968,384,37.77,P
145800,3.0958,39,1583,349,857,316,37.77,P
141900,3.3958,39,1612,342,912,322,37.77,P
90700,1.871,31,2424,533,1360,452,37.77,P
90600,1.9356,41,1594,367,1074,355,37.76,P
107900,2.1842,47,2118,413,965,382,37.76,P
107000,2.2917,37,1575,358,933,320,37.76,P
98200,2.4333,38,1764,397,987,354,37.76,P
89500,1.9479,50,1187,261,907,246,37.76,P
93800,3.9063,52,754,175,447,165,37.76,P
96700,1.8407,49,2308,452,1299,451,37.76,P
97500,2.0786,27,909,236,396,157,37.77,P
97300,2.8125,42,1180,257,877,268,37.77,P
91200,1.8913,43,2018,408,1111,367,37.76,P
91400,1.7056,49,1368,282,790,269,37.76,P
96200,2.2768,52,2744,547,1479,554,37.77,P
120100,3.2552,51,2107,471,1173,438,37.77,P
100000,2.0556,52,1748,362,1029,366,37.77,P
94700,2.4659,52,2024,391,1030,350,37.76,P
85700,1.75,47,1116,259,826,279,37.76,P
89300,2.0469,41,2036,510,1412,454,37.77,P
101400,2.7159,45,1852,393,1132,349,37.77,P
72500,1.2083,41,921,207,522,159,37.76,P
74100,1.925,45,995,238,630,237,37.76,P
70000,1.5809,36,606,132,531,133,37.75,P
84600,1.4097,37,2680,736,1925,667,37.76,P
81800,0.7683,38,1493,370,1144,351,37.76,P
81400,1.3194,19,2207,565,1481,520,37.75,P
81800,0.8012,28,856,189,435,162,37.75,P
85800,1.9479,26,1293,297,984,303,37.76,P
87100,1.1765,36,847,212,567,159,37.74,P
83500,2.3456,42,541,154,380,123,37.74,P
79700,2.1538,44,1066,253,825,244,37.73,P
83400,2.5139,43,707,147,417,155,37.74,P
84700,1.2625,45,1528,291,801,287,37.73,P
80000,2.9063,42,909,215,646,198,37.73,P
76400,2.5192,43,1391,293,855,285,37.73,P
79700,2.1111,44,548,119,435,136,37.73,P
82400,2.455,42,4074,874,2736,780,37.73,P
97700,2.4028,41,1613,445,1481,414,37.74,P
97200,2.15,47,463,134,327,137,37.74,P
101600,2.4776,43,818,193,494,179,37.74,P
86500,2.1587,43,1473,371,1231,341,37.73,P
90500,1.8438,35,504,126,323,109,37.74,P
107600,3.0298,46,1026,226,749,225,37.74,P
84200,2.25,46,769,183,693,178,37.74,P
88900,2.2467,46,2103,391,1339,354,37.74,P
80700,4.0469,45,330,76,282,80,37.75,P
87100,1.325,46,941,218,621,195,37.75,P
85100,1.6196,38,992,279,732,259,37.75,P
82000,2.1731,45,990,261,901,260,37.75,P
82800,1.9167,36,1126,263,482,150,37.75,P
84600,2.069,43,1036,233,652,213,37.75,P
82100,1.712,36,1047,214,651,166,37.75,P
89300,2.5625,33,1280,307,999,286,37.76,P
98300,1.9821,43,1587,320,907,306,37.75,P
92300,2.5043,41,1257,271,828,230,37.75,P
88800,2.3281,44,1218,248,763,254,37.75,P
90000,1.4375,48,1751,390,935,349,37.75,P
95500,2.5122,45,2299,514,1437,484,37.76,P
91700,1.5625,38,2457,624,1516,482,37.75,P
100400,3.1587,47,998,211,597,185,37.75,P
94800,1.8426,40,1685,343,949,342,37.76,P
164300,4.6696,46,1827,307,881,302,37.76,P
155500,2.4598,36,2781,574,1438,519,37.76,P
196900,6.0749,39,1823,286,763,270,37.76,P
279100,4.8304,27,2229,365,1297,355,37.77,P
252800,5.5701,34,1513,231,545,211,37.76,P
275400,5.37,26,3266,491,1222,533,37.76,P
250000,6.86,33,1809,261,808,219,37.75,P
329800,7.6923,28,794,111,329,109,37.75,P
195500,4.0313,36,690,105,299,109,37.75,P
255900,6.8323,33,1334,200,579,202,37.75,P
311100,4.975,30,414,54,137,50,37.75,P
330000,5.3602,36,768,93,229,93,37.75,P
248900,5.0,41,4400,666,1476,648,37.74,P
142900,2.925,46,954,161,429,154,37.75,P
126300,3.8913,40,1445,256,849,255,37.75,P
135800,3.225,44,1938,399,946,331,37.75,P
130600,3.1458,41,856,178,571,191,37.74,P
107900,2.537,24,1790,454,1137,386,37.75,P
111100,2.5568,44,617,131,378,135,37.75,P
122000,3.5083,43,1383,275,853,272,37.74,P
118000,3.3125,49,1325,277,764,282,37.74,P
95200,1.8235,40,1227,294,928,261,37.75,P
94300,3.8047,35,667,140,406,133,37.75,P
92500,2.2917,34,1223,281,824,280,37.74,P
91800,2.4962,37,1379,287,835,259,37.75,P
109400,4.0417,43,1534,300,826,295,37.74,P
129500,3.4844,46,1029,181,567,211,37.74,P
143400,4.1458,52,771,147,355,144,37.74,P
98200,2.625,47,824,223,533,166,37.74,P
103100,2.0227,44,1097,239,609,215,37.74,P
276800,3.3333,49,1283,238,576,236,37.9,P
270900,5.338,52,1604,263,594,286,37.9,P
246200,3.4732,52,2248,422,870,377,37.89,P
224200,3.5125,38,2263,522,1027,509,37.9,P
229100,3.1375,52,1571,349,693,326,37.89,P
211600,2.8036,46,1520,402,815,375,37.89,P
256100,4.5824,15,5083,1212,2420,1146,37.9,P
206300,3.0208,36,1077,293,518,276,37.89,P
221300,4.0875,52,1248,283,620,275,37.89,P
207400,4.5268,42,1342,291,551,266,37.89,P
350000,1.7375,37,3061,930,2556,924,37.88,P
218200,3.1795,52,3171,698,1498,696,37.89,P
216700,3.8672,50,1211,261,523,227,37.88,P
270600,5.1675,52,979,175,374,153,37.89,P
261400,5.1696,52,2269,380,1004,371,37.89,P
261300,4.2614,52,1844,332,769,334,37.88,P
232200,5.0551,52,2178,421,940,423,37.89,P
375400,5.6228,42,1650,274,645,256,37.9,P
357300,7.8864,52,1927,279,705,288,37.9,P
374400,7.9556,52,2079,273,684,275,37.9,P
358800,6.174,52,1803,240,572,236,37.9,P
417500,6.9414,52,2041,270,671,253,37.9,P
430500,8.8342,52,3046,373,975,365,37.89,P
362900,7.1754,52,2318,328,779,312,37.9,P
397000,10.0825,52,2003,250,658,244,37.9,P
346800,4.9083,52,2261,328,819,335,37.9,P
327100,5.7912,52,1225,169,412,168,37.89,P
290100,4.5893,52,2315,408,835,369,37.89,P
292000,5.4171,52,2070,329,722,306,37.89,P
270900,4.125,52,2616,473,1085,487,37.89,P
371100,7.266,52,2640,366,973,355,37.89,P
335600,5.3989,52,1978,293,723,272,37.89,P
371300,7.8336,37,2220,335,903,362,37.9,P
344000,6.1593,41,1125,195,356,181,37.89,P
342200,6.381,52,3078,494,1005,462,37.89,P
370900,6.6828,52,3706,531,1205,504,37.89,P
350000,7.5385,37,3000,457,987,450,37.89,P
368600,6.7138,42,2863,460,1031,448,37.89,P
391800,6.2425,52,2551,417,894,404,37.88,P
415300,5.7979,52,2255,410,823,377,37.88,P
284900,4.2813,52,3360,648,1232,621,37.88,P
287500,3.5417,52,1693,391,669,367,37.88,P
272900,3.0132,44,2252,592,989,550,37.88,P
259600,4.1429,52,2495,491,1058,464,37.88,P
254500,4.1912,52,1193,200,506,207,37.88,P
235600,3.9167,52,1172,215,489,218,37.88,P
218400,3.8897,52,2159,424,824,388,37.88,P
229200,3.1065,48,2365,490,1034,475,37.88,P
192100,2.9926,46,1895,442,920,425,37.88,P
179300,3.556,52,1650,395,841,380,37.88,P
187500,1.475,45,453,146,749,137,37.88,P
138800,1.6971,52,409,97,208,98,37.88,P
150000,2.1705,10,503,118,228,100,37.87,P
140600,2.75,50,499,127,287,128,37.86,P
120000,2.5682,52,477,119,218,106,37.85,P
144800,2.9,46,1647,376,854,355,37.88,P
144800,2.2208,52,3123,749,1695,684,37.87,P
245500,3.2344,52,957,188,403,172,37.88,P
200000,3.5156,52,589,132,288,131,37.87,P
173700,1.9805,49,2026,548,963,521,37.87,P
185600,2.6684,50,1829,536,1129,516,37.87,P
182600,3.875,52,895,198,386,204,37.87,P
227900,3.006,52,1909,416,811,406,37.88,P
220700,2.543,46,3022,696,1293,675,37.87,P
212000,2.8676,46,1777,446,805,431,37.87,P
271400,2.1907,52,2803,930,1372,876,37.88,P
268800,1.7778,30,1465,439,862,425,37.87,P
277800,2.52,37,2619,682,1152,616,37.88,P
332500,4.2788,52,1149,255,483,249,37.88,P
338900,2.944,52,2363,604,1558,573,37.88,P
287500,1.725,52,2604,837,1798,769,37.88,P
384600,5.2289,41,685,141,266,123,37.87,P
371400,2.5562,42,1756,465,2184,422,37.87,P
350000,0.949,52,1204,460,2016,477,37.87,P
500001,1.1696,52,609,236,1349,250,37.87,P
175000,1.4012,52,1087,371,3337,350,37.87,P
241700,1.1859,52,2773,998,1721,949,37.87,P
216700,1.7464,35,3218,1108,1675,1000,37.87,P
211300,2.8846,49,1350,368,707,350,37.87,P
210200,2.7372,52,3084,698,1424,694,37.87,P
196400,3.8594,52,938,195,393,189,37.86,P
191700,3.5625,52,1813,353,828,339,37.87,P
182300,2.2788,52,1233,300,571,292,37.87,P
175000,2.537,44,2539,755,1382,713,37.87,P
165900,2.525,46,1267,324,792,321,37.87,P
156900,1.9946,52,1665,404,815,372,37.86,P
164300,2.8214,52,1659,367,788,346,37.86,P
150000,2.6165,52,2225,460,1145,430,37.87,P
150500,1.9483,50,2485,607,1354,563,37.86,P
169900,1.9327,52,2031,450,958,445,37.86,P
147400,1.9798,49,2932,668,1361,608,37.86,P
152700,2.4167,52,2246,472,1005,449,37.85,P
182700,2.5417,49,2052,435,924,414,37.86,P
179300,3.3906,52,1999,417,780,358,37.86,P
157700,2.5652,52,3007,691,1582,636,37.86,P
153100,2.2845,41,2214,550,1213,568,37.86,P
250000,2.6071,52,1088,305,486,267,37.86,P
206300,3.15,52,834,186,494,175,37.86,P
218800,2.6914,52,1769,372,849,365,37.86,P
198200,1.8447,52,2307,583,1127,548,37.86,P
253600,1.6307,35,5161,1744,3276,1742,37.86,P
257400,2.9044,52,3497,832,1493,794,37.86,P
289500,2.9405,52,3774,744,1461,679,37.86,P
241700,3.3893,52,2888,604,1253,538,37.86,P
489600,3.0417,48,2153,517,1656,459,37.86,P
446200,7.0897,52,1389,191,514,202,37.86,P
456300,5.0463,52,1709,318,719,295,37.86,P
336800,1.7652,52,1587,444,878,449,37.86,P
500001,7.8521,52,1668,225,517,214,37.86,P
500001,9.3959,52,3726,474,1366,496,37.85,P
376900,5.3794,52,4048,663,1316,590,37.86,P
309600,3.2619,52,3618,768,1508,755,37.85,P
182300,2.7054,52,4076,920,1800,815,37.85,P
172700,2.2431,47,2077,400,719,326,37.85,P
150800,1.9028,50,1279,300,675,255,37.85,P
153600,1.5817,52,1974,426,875,363,37.85,P
106300,2.2841,52,335,83,152,77,37.85,P
142300,1.3785,47,1375,307,843,319,37.85,P
119400,2.9018,52,610,145,281,132,37.85,P
147900,1.73,44,1025,198,506,204,37.85,P
132900,2.2625,48,2063,484,1054,466,37.85,P
132500,2.2106,35,1872,419,1017,414,37.84,P
126900,2.6997,52,3108,813,1623,765,37.83,P
143800,4.0018,14,7355,2408,3100,2051,37.84,P
500001,7.8772,52,2990,379,947,361,37.83,P
500001,11.8603,39,2492,310,808,315,37.82,P
500001,13.499,42,2991,335,1018,335,37.82,P
500001,12.2138,52,3242,366,1001,352,37.82,P
466100,8.1872,52,3051,381,1005,369,37.82,P
500001,12.3804,52,3494,396,1192,383,37.82,P
457800,5.8948,52,1757,246,585,227,37.83,P
471600,8.1194,52,2449,312,916,316,37.83,P
500001,8.7477,52,1611,203,556,179,37.82,P
398600,6.155,52,3665,517,1470,520,37.82,P
340700,5.883,52,2474,403,1104,398,37.82,P
289900,5.2128,52,3037,516,1242,518,37.76,P
335300,4.7188,52,2269,323,805,321,37.76,P
333000,5.2915,52,1316,177,378,162,37.76,P
241000,2.6411,52,1153,235,481,223,37.77,P
189600,3.3214,52,772,179,409,160,37.77,P
206300,3.6417,52,1711,386,885,373,37.77,P
215700,3.0161,52,2650,566,1468,567,37.77,P
210200,3.1771,52,1038,220,482,215,37.77,P
208800,3.4531,52,1527,320,825,264,37.77,P
197900,4.3098,52,859,157,429,158,37.77,P
201300,3.3438,52,970,217,528,208,37.78,P
190800,2.9213,52,1045,239,496,216,37.78,P
207900,2.6806,52,1408,280,718,265,37.78,P
215300,3.7708,52,1222,264,630,265,37.78,P
212900,3.9444,45,1169,263,723,286,37.78,P
292700,5.2601,13,2020,535,959,486,37.78,P
275000,2.5444,30,4145,869,3668,855,37.79,P
200000,2.6447,42,2038,368,2037,355,37.77,P
173400,2.5762,29,5154,1394,3741,1273,37.78,P
102200,1.9427,42,1241,309,821,300,37.78,P
220800,2.9688,52,1468,363,870,347,37.77,P
242800,3.75,27,3997,1073,1901,966,37.77,P
265400,5.1702,18,2873,763,1243,663,37.76,P
219000,2.5139,50,1487,306,730,327,37.78,P
282100,2.9732,52,1670,350,793,299,37.77,P
372000,5.5337,52,2252,388,1033,434,37.77,P
225800,4.1667,52,1731,377,872,363,37.77,P
220800,2.7115,52,1710,481,849,457,37.77,P
234500,3.3269,52,2388,559,1121,518,37.77,P
254200,3.2685,52,2156,458,872,445,37.77,P
351800,4.7778,52,1565,315,637,297,37.77,P
275000,4.226,52,1704,371,663,340,37.77,P
405400,3.3571,52,1210,168,411,172,37.77,P
228100,2.9899,52,2097,444,915,413,37.77,P
234000,2.875,52,1848,479,921,477,37.77,P
162500,2.3882,43,955,284,585,266,37.77,P
243400,2.975,43,4329,1110,2086,1053,37.77,P
273800,5.1039,52,3011,542,1303,535,37.76,P
248500,4.1458,52,1049,185,374,176,37.76,P
244000,3.4762,52,2504,516,979,472,37.76,P
240900,2.6833,52,1846,471,827,446,37.76,P
306300,5.75,52,1705,246,658,253,37.76,P
240000,3.9632,50,1542,289,654,268,37.75,P
247100,4.9489,45,891,155,384,146,37.75,P
286600,4.8711,27,4051,753,1499,797,37.75,P
266700,3.0718,52,2646,581,1128,522,37.76,P
229800,3.6719,49,2428,525,1110,492,37.76,P
229300,4.6094,52,2567,436,1119,415,37.76,P
228400,4.5213,21,7031,1249,2930,1235,37.73,P
206200,4.4562,25,1914,365,897,390,37.74,P
350700,7.611,5,18634,2885,7427,2718,37.72,P
231000,3.2689,31,5785,1379,2973,1312,37.73,P
252900,3.567,52,2876,648,1340,632,37.76,P
353900,3.6875,28,6909,1554,2974,1484,37.74,P
291700,4.7695,23,5679,1270,2690,1151,37.77,P
100000,3.1972,20,1156,365,583,326,37.75,P
341600,7.2634,12,14316,2045,5781,2007,37.77,P
412500,7.0568,5,3596,467,1738,512,37.73,P
248600,4.635,36,3541,570,1478,529,37.71,P
254900,5.3015,40,1808,302,746,270,37.71,P
241500,4.9801,36,2879,480,1235,455,37.71,P
295200,5.4834,26,3204,477,1411,484,37.72,P
340400,6.187,31,3866,531,1368,521,37.72,P
274700,5.6194,32,2476,368,1048,367,37.72,P
238600,5.4639,35,2211,350,1004,365,37.71,P
266400,5.1498,35,2663,387,1086,367,37.71,P
330200,5.8382,30,2599,366,922,350,37.72,P
206800,4.65,36,4569,824,1950,819,37.71,P
209200,4.3819,25,2973,622,1413,595,37.7,P
195800,3.7222,30,3115,625,1444,568,37.69,P
253500,5.2855,31,1843,282,749,269,37.71,P
241800,4.3375,31,2053,336,867,329,37.7,P
252500,5.2131,27,6740,1073,2723,1035,37.71,P
263900,6.005,30,1751,269,731,263,37.7,P
227000,5.0519,38,1663,295,781,301,37.71,P
220900,4.8237,38,3716,657,1784,652,37.71,P
259300,5.2497,32,2718,447,1156,410,37.7,P
232500,4.125,39,1420,272,645,277,37.7,P
231600,4.6005,37,1893,310,821,315,37.7,P
209400,3.5187,33,3906,790,1912,770,37.7,P
223200,3.0,32,3400,736,1487,694,37.7,P
209900,3.4934,25,3402,758,1645,710,37.7,P
208200,2.9861,33,4413,1107,2239,1051,37.7,P
203800,2.5362,29,2304,618,1021,552,37.69,P
195700,3.3021,36,2350,499,1105,467,37.69,P
190500,3.0964,31,5914,1309,2999,1295,37.69,P
181000,2.8512,43,1575,324,740,284,37.69,P
184900,3.3478,42,1414,274,629,244,37.69,P
190800,2.3958,37,848,202,314,205,37.68,P
242200,3.5295,15,3051,685,1479,668,37.68,P
188300,4.8036,20,4296,817,1732,800,37.69,P
183500,3.851,52,2898,557,1338,550,37.74,P
204200,4.0662,52,1071,201,440,192,37.74,P
251900,4.6042,51,2619,403,922,393,37.73,P
187500,2.2,49,1494,316,611,288,37.74,P
198200,4.1164,52,2260,416,994,412,37.73,P
219000,3.95,52,1394,223,545,230,37.74,P
275000,4.9135,52,1028,129,317,143,37.73,P
245400,2.8355,45,3758,819,1573,736,37.73,P
177500,3.25,46,2163,470,925,435,37.73,P
171600,2.8301,49,1699,408,768,385,37.73,P
183300,3.7159,52,1555,289,620,292,37.73,P
175000,2.5625,52,1114,206,425,207,37.73,P
156700,3.8047,45,1498,313,1003,305,37.72,P
157500,3.375,45,726,147,519,135,37.71,P
179800,3.244,38,890,200,481,198,37.71,P
205500,4.0268,36,2639,533,1209,519,37.7,P
178900,3.3906,35,2562,554,1398,525,37.7,P
262500,5.5461,36,361,69,158,58,37.71,P
165000,3.371,42,3008,659,1817,664,37.72,P
159700,3.5313,46,1369,284,766,289,37.72,P
158300,3.663,5,1692,398,814,328,37.72,P
144800,2.875,38,1007,245,618,239,37.72,P
166300,4.0202,43,3783,814,2139,789,37.72,P
191000,4.5553,37,1507,242,632,253,37.71,P
175000,3.4643,36,666,132,366,134,37.71,P
137500,3.3431,10,2229,601,877,485,37.72,P
141700,2.1898,28,2215,587,830,573,37.73,P
210900,2.9097,31,1616,372,739,379,37.72,P
198300,3.375,47,1190,251,540,266,37.72,P
157400,2.8125,29,4169,1047,2024,962,37.72,P
264700,5.0,52,2024,320,823,334,37.73,P
218400,3.0673,38,1723,394,711,353,37.73,P
235100,3.8125,43,2264,390,931,368,37.73,P
341800,6.9096,33,1996,268,686,270,37.73,P
367300,7.912,26,2862,394,1030,397,37.72,P
243500,3.8393,35,2183,383,976,392,37.72,P
167900,4.0,35,1037,207,552,210,37.71,P
371200,6.5095,25,1134,153,340,171,37.72,P
218900,3.5156,39,786,132,288,132,37.72,P
202700,2.983,45,1397,253,555,248,37.72,P
186200,3.524,45,2315,451,1006,444,37.72,P
188900,3.1103,44,1613,339,776,346,37.71,P
180000,3.5781,44,1421,298,609,270,37.71,P
202700,3.1682,18,5778,1526,2441,1352,37.71,P
181700,2.6101,27,3094,866,1364,789,37.71,P
166800,3.6932,18,3905,1007,2197,1044,37.71,P
183700,3.4583,43,3046,557,1333,544,37.7,P
218000,3.9032,19,3516,710,1810,703,37.7,P
191500,4.0208,36,998,178,531,183,37.71,P
194700,3.5547,36,1464,244,672,261,37.7,P
187200,4.5859,17,1463,292,695,330,37.7,P
223100,2.6321,21,4124,1054,2162,998,37.7,P
271300,3.395,17,2380,769,1216,643,37.69,P
194100,3.9702,36,1266,228,606,239,37.7,P
190400,5.0043,36,2239,391,1203,379,37.7,P
189100,4.4659,38,1571,317,874,301,37.69,P
184600,3.6625,38,1246,221,637,222,37.69,P
197300,3.8864,36,1501,287,703,276,37.69,P
192600,3.4583,36,1468,252,733,229,37.7,P
192200,3.7813,36,1118,219,625,228,37.69,P
194600,2.9917,36,1097,208,568,225,37.7,P
193500,4.4375,36,1719,303,836,311,37.7,P
202600,4.0,24,1755,365,952,362,37.7,P
83300,2.3869,16,1687,348,568,352,37.68,P
212600,4.7609,24,2262,391,1125,366,37.69,P
187800,5.4858,5,2087,407,840,401,37.68,P
205700,4.3971,36,1480,278,796,283,37.69,P
192900,4.0109,36,1545,273,863,267,37.69,P
205200,4.3864,35,2632,447,1349,486,37.68,P
213400,4.2841,30,2261,443,929,383,37.68,P
183600,5.1312,39,1670,308,957,335,37.69,P
178400,2.9958,37,2141,535,1093,555,37.69,P
219200,3.6364,27,3337,613,1489,607,37.68,P
183100,2.7955,31,3184,716,1561,628,37.68,P
157100,2.9507,44,2341,500,1256,485,37.69,P
157800,3.4375,30,1197,269,695,279,37.69,P
161700,2.875,34,1131,278,560,237,37.69,P
152100,3.0345,38,1164,284,632,289,37.71,P
144900,2.679,41,3495,787,1849,750,37.7,P
179900,2.9922,17,2488,617,1287,538,37.7,P
179100,4.1042,35,2681,508,1580,536,37.69,P
159900,2.5833,19,2495,635,1571,579,37.7,P
161400,2.1552,23,1689,461,828,443,37.7,P
170400,2.3274,29,1298,306,835,338,37.7,P
137500,2.4206,19,2693,789,1765,724,37.7,P
178400,3.9063,41,746,145,387,161,37.69,P
155200,2.6464,37,2444,651,1562,618,37.69,P
160900,3.4643,42,1472,310,768,309,37.69,P
167300,2.3973,10,2227,560,1140,472,37.69,P
340000,6.5,20,200,25,83,31,37.69,P
431000,6.0574,32,1283,194,485,171,37.64,P
301100,3.8958,6,2445,590,1189,573,37.63,P
241900,4.7813,21,1307,236,586,249,37.63,P
162500,3.2829,5,3785,936,2240,792,37.63,P
299200,5.3169,10,2031,357,867,352,37.66,P
315500,6.2579,10,8299,1326,3827,1288,37.65,P
216800,5.1701,23,7518,1279,3827,1294,37.68,P
218100,3.25,36,1815,426,1280,431,37.68,P
170300,3.1796,30,5367,1207,2667,1047,37.68,P
275000,2.4196,26,1167,370,253,137,37.68,P
184100,2.6563,26,2607,682,1401,607,37.68,P
160000,0.9637,29,493,168,233,152,37.67,P
175000,2.3357,48,1252,305,673,308,37.67,P
197500,3.5114,41,1382,353,704,314,37.68,P
150000,3.3125,43,500,110,273,120,37.69,P
205600,2.4042,29,2333,538,1120,540,37.68,P
170300,2.8322,41,1834,463,1105,467,37.68,P
190900,2.5156,43,1415,348,569,293,37.68,P
196900,3.4032,37,1352,342,691,324,37.68,P
174000,2.535,37,2116,503,1109,448,37.68,P
170200,2.5772,37,1976,481,1197,465,37.68,P
180900,3.0962,38,1779,413,1061,400,37.68,P
150500,2.9564,34,3659,897,2479,903,37.67,P
167100,3.125,31,1892,428,1162,389,37.68,P
148900,2.95,35,1958,484,1146,448,37.68,P
196400,4.38,40,1553,253,724,267,37.68,P
191100,4.0417,37,2412,394,975,375,37.68,P
187500,3.8,36,2110,389,952,370,37.67,P
180600,3.4839,45,2179,401,1159,399,37.68,P
182800,4.0588,45,2457,445,1129,422,37.68,P
179300,4.1974,44,2147,399,1175,401,37.68,P
179400,3.6,43,1676,340,924,328,37.68,P
210300,4.267,35,2976,518,1424,538,37.68,P
192300,4.2386,34,3036,533,1366,500,37.67,P
198100,5.5797,35,2472,398,1171,390,37.67,P
196200,4.0682,36,1487,249,641,243,37.67,P
181600,3.1734,38,2012,347,880,332,37.67,P
186900,4.7933,37,3342,569,1635,557,37.67,P
188300,4.8125,37,3156,534,1495,543,37.67,P
184000,3.8676,40,1748,318,914,317,37.67,P
184700,3.9395,33,3429,681,1798,694,37.67,P
179900,3.2434,42,3592,703,1625,665,37.67,P
167200,3.0917,38,1035,247,599,224,37.67,P
165400,3.0645,32,3028,811,2037,703,37.67,P
154000,2.7019,33,2431,655,1854,603,37.67,P
153500,3.1115,39,2069,500,1408,478,37.67,P
135400,3.4722,40,1340,313,766,271,37.66,P
158300,2.2222,39,1160,259,725,274,37.66,P
240700,6.1104,32,2015,318,1019,340,37.68,P
180700,4.2733,22,3882,816,1830,743,37.67,P
230600,3.2465,27,3239,671,1469,616,37.67,P
210800,3.2417,28,2932,739,1198,624,37.67,P
165300,3.875,38,2104,409,1039,394,37.67,P
254200,6.0501,29,1694,251,690,242,37.67,P
332600,6.8233,18,3000,419,1155,415,37.67,P
350000,6.3501,23,2419,348,1066,384,37.66,P
161200,2.6719,28,2280,610,1255,587,37.66,P
179300,3.875,21,5031,1168,2461,1042,37.66,P
154300,2.5625,33,1547,372,1063,356,37.66,P
161800,3.016,31,3300,790,2181,740,37.65,P
161900,2.7694,17,5018,1439,3069,1299,37.65,P
165400,3.6818,35,1813,393,1093,374,37.65,P
166600,2.1382,37,1997,436,1349,437,37.66,P
149700,3.7303,37,901,191,599,206,37.66,P
162100,3.875,35,686,142,480,149,37.66,P
152600,3.0489,33,1954,464,1293,448,37.66,P
195200,2.8203,27,2630,722,1414,634,37.65,P
190600,4.3897,35,1130,192,543,184,37.65,P
193800,4.7143,35,1184,200,572,194,37.65,P
200600,4.6875,34,656,115,342,112,37.66,P
150000,3.2091,29,2544,643,2332,603,37.66,P
185300,4.275,36,1305,225,768,234,37.66,P
172700,4.1302,36,1755,316,913,299,37.66,P
174100,3.09,35,2843,652,1726,643,37.66,P
194400,4.5417,25,2538,494,1185,501,37.65,P
206700,4.6635,28,1784,311,735,278,37.64,P
204500,4.4427,31,1797,327,796,319,37.65,P
175000,4.5303,36,410,76,252,82,37.65,P
137500,2.375,26,162,27,86,25,37.65,P
187200,3.8171,18,9963,2031,5613,1946,37.63,P
173600,4.5281,35,2361,458,1727,467,37.61,P
163000,4.3456,19,862,167,407,183,37.66,P
331600,3.4861,18,4335,808,2041,734,37.65,P
197600,5.2312,31,1487,280,854,301,37.64,P
197900,3.6708,8,3592,849,1907,746,37.64,P
228100,3.8875,40,432,102,264,77,37.64,P
189500,3.9167,34,1457,242,735,249,37.63,P
184200,3.9063,32,1578,284,836,292,37.64,P
180900,3.7895,29,2172,435,1377,408,37.63,P
172000,3.8,36,1340,245,789,248,37.64,P
177900,5.7309,36,1116,199,662,226,37.64,P
173100,4.1141,36,1885,307,853,271,37.64,P
172600,5.2838,36,1180,212,664,200,37.64,P
182100,3.3479,30,5267,1253,4065,1113,37.64,P
179500,3.142,23,1897,440,1109,418,37.64,P
176000,3.7614,31,767,171,548,185,37.63,P
192600,4.25,33,691,127,431,149,37.63,P
182700,3.9338,36,786,133,463,160,37.64,P
134900,2.5158,22,5861,1516,5436,1463,37.64,P
157600,2.4808,27,2784,723,2028,693,37.63,P
190900,4.7083,25,4524,860,2426,862,37.64,P
158200,4.1652,37,1468,304,1038,282,37.64,P
350000,3.5541,20,1655,450,857,430,37.64,P
158200,3.8036,33,1227,286,848,291,37.65,P
146100,3.8259,33,1160,252,729,220,37.64,P
226700,3.2331,33,952,172,369,159,37.63,P
198700,4.7109,35,2072,352,1001,350,37.62,P
221200,4.2468,32,2964,547,1472,527,37.62,P
208500,6.396,35,1032,173,453,176,37.62,P
204200,3.8125,35,657,118,328,134,37.62,P
193200,3.2857,32,1540,324,793,302,37.62,P
209500,3.8929,35,1298,236,632,204,37.62,P
164900,3.7262,36,1409,271,1002,281,37.61,P
161400,4.0125,37,1383,259,808,241,37.61,P
187000,4.1719,36,1151,216,727,215,37.61,P
190400,4.2857,35,899,179,455,185,37.62,P
156600,3.6458,37,1793,364,1534,346,37.63,P
157300,2.6875,17,2485,518,1139,550,37.62,P
168100,3.7292,35,1931,376,1175,337,37.63,P
177600,4.5913,24,2329,465,1401,453,37.63,P
208900,3.8625,12,6711,1374,3388,1289,37.63,P
169200,3.3611,23,1939,356,841,364,37.63,P
163900,2.8971,16,1642,346,705,351,37.61,P
164700,4.0326,34,1619,293,1148,310,37.63,P
156900,4.0682,35,517,108,391,107,37.63,P
168800,5.3644,36,1570,274,992,249,37.63,P
174100,4.7019,35,1213,221,790,243,37.63,P
206500,5.64,27,1826,309,1016,313,37.62,P
203900,3.7931,26,2261,443,1039,395,37.61,P
217000,4.6458,9,3666,711,2341,703,37.61,P
159600,3.694,36,1633,345,1382,338,37.6,P
159800,2.652,31,2155,522,1858,437,37.6,P
154300,3.5,32,1295,280,1156,300,37.6,P
149600,3.2386,32,1295,295,1097,328,37.6,P
188600,5.097,33,1518,302,831,268,37.61,P
238500,4.3875,17,3314,638,1873,602,37.6,P
235300,4.625,22,3009,497,1640,514,37.6,P
261400,5.0406,6,2605,474,1568,433,37.61,P
234400,5.8704,17,5159,832,3174,817,37.6,P
231700,5.3226,18,1726,276,1186,310,37.6,P
156300,4.235,16,1816,365,1367,355,37.59,P
222000,4.825,13,2578,551,1680,528,37.59,P
254400,5.5218,15,2576,418,1657,410,37.58,P
244300,6.5116,16,1644,251,1033,267,37.58,P
247000,6.0661,16,1606,240,1117,268,37.58,P
236500,6.0074,16,3349,544,2003,488,37.58,P
151400,4.6211,15,3475,686,2568,653,37.59,P
213700,5.225,16,1893,338,1461,344,37.58,P
243600,5.3428,14,1727,302,1116,273,37.59,P
212500,3.7462,15,6243,1273,3163,1274,37.59,P
214700,4.5721,24,2077,383,1488,389,37.6,P
213200,3.6923,18,1165,333,855,319,37.59,P
256000,4.6786,16,4371,889,2530,817,37.59,P
237500,2.875,2,838,295,240,149,37.59,P
178100,3.3617,15,3052,760,2097,728,37.58,P
231800,5.7579,17,4313,717,2629,721,37.58,P
147900,2.9706,36,385,94,295,92,37.6,P
191700,3.9022,10,3046,678,2056,628,37.6,P
247600,4.6146,21,4342,783,2172,789,37.57,P
283500,5.7192,15,3575,597,1777,559,37.58,P
216900,3.6832,20,4126,1031,2079,975,37.58,P
282500,6.2073,31,2878,478,1276,485,37.58,P
295600,5.8151,6,4405,717,2071,688,37.58,P
281800,5.8322,14,16199,2993,8117,2847,37.57,P
269800,5.6277,14,14917,2708,8012,2606,37.58,P
231200,5.2879,12,5719,1064,3436,1057,37.57,P
318300,6.5615,8,8647,1407,5019,1379,37.57,P
253400,5.6758,15,8112,1376,4576,1348,37.58,P
278200,6.1047,7,10648,1818,6075,1797,37.57,P
300000,3.5714,5,1150,311,648,245,37.49,P
273500,6.0824,3,14014,2861,7205,2753,37.52,P
223400,4.3594,23,4332,857,2461,829,37.56,P
214500,5.5737,35,1716,312,914,316,37.56,P
220200,4.8962,31,4981,964,2841,924,37.56,P
240300,4.6978,24,8444,1492,4446,1491,37.56,P
158000,4.4259,6,3028,778,1531,736,37.56,P
224200,3.3008,26,2068,532,1434,495,37.55,P
177200,4.5687,33,1325,274,909,267,37.55,P
216100,3.8179,24,2563,485,1174,501,37.56,P
269700,5.0,18,5505,1005,2641,971,37.56,P
231200,4.3393,20,6462,1294,3288,1235,37.56,P
162500,4.1387,4,3746,993,1606,838,37.55,P
254000,4.8052,13,8918,1823,4518,1772,37.56,P
196200,4.6349,31,1949,344,986,322,37.54,P
189400,3.168,17,4924,1247,3080,1182,37.55,P
220800,3.1326,17,5133,1375,3386,1339,37.54,P
213800,2.9074,16,6647,2098,4649,1903,37.55,P
442900,8.3996,15,5674,748,2412,714,37.56,P
333400,6.6478,21,10687,1540,4552,1520,37.55,P
352400,6.629,25,1354,192,596,220,37.54,P
305300,6.2179,27,3715,526,1631,538,37.54,P
259600,5.761,33,2095,342,941,304,37.53,P
248900,4.6641,29,3517,645,1724,585,37.54,P
356000,6.7599,31,2537,382,1067,410,37.54,P
236000,3.9909,14,5106,1207,2738,1108,37.54,P
218800,4.2955,23,2215,475,1278,492,37.53,P
228000,4.9615,28,2949,529,1538,545,37.53,P
235900,2.6198,18,2375,652,1252,586,37.53,P
203200,4.7135,28,2312,496,1344,467,37.54,P
197000,4.75,35,2277,420,1353,413,37.53,P
236400,5.4299,26,2506,387,1273,406,37.53,P
223200,4.6,28,2829,566,1610,540,37.53,P
222700,4.1947,26,3179,703,2142,639,37.53,P
225000,5.388,26,2332,371,1285,404,37.54,P
240100,3.9444,18,3584,715,1673,661,37.54,P
227900,5.3283,28,3046,507,1772,516,37.54,P
268600,4.8403,28,2414,415,1106,453,37.55,P
275100,5.1616,29,4133,744,2023,749,37.54,P
256300,4.9167,34,2791,495,1276,468,37.55,P
332400,4.1591,27,6103,1249,3026,1134,37.55,P
287600,5.0,32,2572,406,1128,395,37.54,P
298900,5.8325,26,1910,371,852,357,37.54,P
287600,5.7057,27,1890,303,889,314,37.53,P
222200,5.0423,25,5405,939,2831,923,37.53,P
232600,4.5317,26,3761,623,1776,613,37.52,P
258300,5.4359,25,3333,511,1671,504,37.51,P
230900,5.0824,23,4925,948,2530,894,37.52,P
196900,5.2308,33,3994,764,2721,763,37.52,P
223500,4.4107,22,5811,1125,3215,1086,37.51,P
223900,5.2396,26,4211,741,2352,734,37.52,P
243500,4.7478,27,5532,973,2855,960,37.53,P
451100,8.4045,7,28258,3864,12203,3701,37.53,P
500001,9.7194,9,4909,577,1981,591,37.49,P
193100,5.1643,10,7441,1588,3571,1466,37.49,P
264400,5.3813,23,4314,676,1972,623,37.48,P
246900,6.0878,26,2016,322,1105,357,37.47,P
337300,6.868,13,5377,744,2759,760,37.47,P
284800,6.992,22,9167,1373,4319,1404,37.55,P
217300,4.9118,26,3087,532,1597,483,37.55,P
291700,4.4357,23,3170,532,1446,515,37.55,P
223800,4.9464,26,2145,369,1285,377,37.54,P
223100,5.2882,25,4209,731,2568,703,37.54,P
211300,5.1321,23,4247,835,2357,823,37.55,P
218500,3.9667,25,4458,922,2998,890,37.53,P
156300,3.1696,17,407,97,307,100,37.5,P
248200,5.0838,20,6483,1068,3526,1060,37.54,P
186000,4.8214,35,1867,343,1213,338,37.54,P
178200,4.1406,6,2918,672,1911,639,37.54,P
190400,3.7364,34,2316,478,1524,467,37.53,P
210300,3.535,31,1240,264,719,236,37.54,P
208000,5.0739,16,4458,856,3038,870,37.54,P
183300,3.256,18,1746,437,1268,404,37.53,P
245700,6.0667,19,4572,712,2346,709,37.53,P
242200,5.7072,21,4280,673,2216,681,37.53,P
181700,4.9867,7,6352,1390,3223,1316,37.51,P
299400,5.1437,4,7477,1576,2937,1506,37.72,P
219500,5.347,22,4638,716,2302,687,37.72,P
231800,5.7233,25,4377,668,2038,671,37.71,P
221300,4.4697,26,3816,637,1935,642,37.72,P
213800,4.9107,26,2806,459,1453,444,37.72,P
206000,4.2281,26,4822,845,2288,805,37.71,P
271100,5.0143,15,6473,1027,2484,970,37.71,P
336500,7.2494,6,8072,1050,3386,1062,37.71,P
315600,5.1406,46,1280,209,512,208,37.64,P
500001,8.3337,24,3166,424,1081,400,37.66,P
285400,7.316,13,3742,555,1590,559,37.69,P
323000,6.4994,18,7397,1137,3126,1115,37.66,P
291900,7.2211,23,1655,223,706,219,37.68,P
225600,4.4087,3,2456,582,793,456,37.7,P
259600,5.9345,23,2179,308,926,299,37.69,P
262900,6.177,20,1804,254,831,260,37.68,P
257300,5.817,18,3631,547,1700,520,37.68,P
259200,6.3132,18,2876,423,1395,427,37.69,P
339700,6.3373,12,7490,1207,3329,1136,37.68,P
337200,7.333,23,2234,270,854,286,37.68,P
334100,6.2918,22,1898,239,734,245,37.68,P
311500,6.5214,16,4070,624,1543,577,37.67,P
296900,6.4524,25,2244,301,937,324,37.67,P
247900,6.0604,20,2948,471,1181,474,37.67,P
300400,6.5285,19,2034,288,852,295,37.67,P
332400,7.2639,15,2130,273,876,285,37.67,P
389800,7.4353,7,9540,1294,3926,1229,37.67,P
233000,3.1127,29,2702,680,1360,642,37.66,P
238500,2.4896,39,522,116,161,102,37.66,P
233300,5.0677,52,775,134,315,123,37.66,P
231300,2.1187,3,1565,464,769,461,37.66,P
475800,10.9506,20,1309,184,514,172,37.64,P
393200,7.0691,13,5519,833,2444,825,37.57,P
247200,5.5,10,4337,800,1813,743,37.67,P
229400,4.9879,28,1812,294,853,278,37.67,P
282500,6.8132,4,4719,741,1895,742,37.68,P
300600,5.6399,14,4236,701,1833,663,37.66,P
293200,4.1597,22,3634,664,1699,640,37.66,P
278500,5.7519,27,1569,242,583,214,37.66,P
352900,5.6417,13,13182,2074,4847,1950,37.66,P
400000,10.3203,43,228,40,83,42,37.72,P
375000,4.3472,47,127,23,51,21,37.73,P
313700,6.6827,13,9621,1344,4389,1391,37.7,P
139300,3.62,4,6159,1510,2649,1241,37.69,P
327500,7.3588,16,4290,554,1952,576,37.65,P
430600,5.7239,26,1786,306,771,279,37.61,P
125000,4.2083,32,404,74,144,58,37.77,P
450000,6.1023,17,1671,352,729,252,37.7,P
200200,3.9864,12,5608,1049,2595,1067,37.71,P
192400,4.8624,11,12070,2220,5826,2125,37.71,P
418800,9.1531,25,494,81,254,85,37.74,P
216800,4.7361,22,5533,943,2474,910,37.7,P
215500,5.4324,17,3956,639,2222,662,37.69,P
227700,4.9375,12,1906,351,802,319,37.69,P
